,text,intent,slots,pattern_id
1455,Ø¨ÛŒâ€ŒÙ¾Ø¯Ø±,offensive_general,o,3001455
1473,Ø¨Ù‡ Ø¯Ø±Ú©,offensive_general,o o,3001473
1479,Ø§Ø²Ú¯Ù„,offensive_general,o,3001479
1489,Ø§Ø¨Ù„Ù‡,offensive_general,o,3001489
1491,Ø¯Ø±ÙˆØºÚ¯Ùˆ,offensive_general,o,3001491
1493,Ú©ÙˆÙ†ÛŒ,offensive_general,o,3001493
1498,Ù‚Ø±Ù…Ø³Ø§Ù‚,offensive_general,o,3001498
1505,Ø§Ø­Ù…Ù‚,offensive_general,o,3001505
1512,ØªÙ…Ø±Ú©Ø²Øª Ø¨Ù‡ ÙØ§Ú© Ø±ÙØªÙ‡,offensive_general,o o o o,3001512
1520,Ø¨Ø±Ùˆ Ú¯Ù…Ø´Ùˆ,offensive_general,o o,3001520
1521,Ù¾Ø¯Ø±Ø³Ú¯,offensive_general,o,3001521
1522,Ú¯ÙˆØ²Ùˆ,offensive_general,o,3001522
1523,Ù…Ø§Ø¯Ø±Ø¬Ù†Ø¯Ù‡,offensive_general,o,3001523
1526,Ø¬Ù†Ø¯Ù‡,offensive_general,o,3001526
1529,Ù‡Ø§Ù„Ùˆ,offensive_general,o,3001529
1530,Ø±ÙˆØ³Ù¾ÛŒ,offensive_general,o,3001530
1532,Ø¯Ù‡Ù†ØªÙˆ Ø¨Ø¨Ù†Ø¯,offensive_general,o o,3001532
1539,Ø®ÙÙ‡ Ø´Ùˆ,offensive_general,o o,3001539
1540,Ø¬Ø§Ú©Ø´,offensive_general,o,3001540
1541,Ø­Ø±ÙˆÙ…Ø²Ø§Ø¯Ù‡,offensive_general,o,3001541
1549,Ù…ÛŒÙ…ÙˆÙ†,offensive_general,o,3001549
1554,Ú©Ø³ Ù†Ù†Øª,offensive_general,o o,3001554
1610,Ø¨Ø±Ùˆ Ú¯Ù… Ø´Ùˆ,offensive_general,o o o,3001610
1622,Ú©ÛŒØ±Ù… ØªÙˆ Ù‚Ø¨Ø±Øª,offensive_general,o o o,3001622
1639,Ú©ÙØªØ§Ø±,offensive_general,o,3001639
1646,Ø§ÙØºØ§Ù†ÛŒ,offensive_general,o,3001646
1660,Ù†Ú©Ø¨Øª,offensive_general,o,3001660
1662,Ø®Ø§Ú© Ø¨Ø±Ø³Ø±Øª Ø¨Ø§ Ø­Ø±Ù Ø²Ø¯Ù†Øª,offensive_general,o o o o o,3001662
1679,Ø±ÛŒØ¯Ù… Ø¨Ù‡Øª,offensive_general,o o,3001679
1694,Ø¬Ø§Ú©Ø´,offensive_general,o,3001694
1721,Ù¾Ø¯Ø±Ø³ÙˆØ®ØªÙ‡,offensive_general,o,3001721
1726,Ø­Ø±Ù Ù…ÙØª Ù†Ø²Ù†,offensive_general,o o o,3001726
1768,Ú©ÙˆÙ† Ù„Ù‚Øª,offensive_general,o o,3001768
1772,Ú¯ÙˆØ²ÛŒØ¯ÛŒ,offensive_general,o,3001772
1774,Ø¬Ø§Ú©Ø´,offensive_general,o,3001774
1787,Ù„Ø§Ø´Ø®ÙˆØ±,offensive_general,o,3001787
1800,Ø®Ø§ÛŒÙ‡ Ù…Ø§Ù„,offensive_general,o o,3001800
1830,Ú¯ÙˆØ³Ø§Ù„Ù‡,offensive_general,o,3001830
1836,Ú©ÙˆÙ† Ú¯Ø´Ø§Ø¯,offensive_general,o o,3001836
1839,Ø¹ÙˆØ¶ÛŒ,offensive_general,o,3001839
1848,Ø¨Ø±Ùˆ Ú¯Ù…Ø´Ùˆ,offensive_general,o o,3001848
1864,Ø§Ù„Ø§Øº,offensive_general,o,3001864
1865,Ø®Ø¯Ø§ Ù„Ø¹Ù†ØªØª Ú©Ù†Ù‡,offensive_general,o o o,3001865
1867,Ù„Ø¹Ù†ØªÛŒ,offensive_general,o,3001867
1876,Ú©ÙˆÙ† Ù†Ø´ÙˆØ±,offensive_general,o o,3001876
1884,Ø¹Ù† Ø®Ø§Ù†Ù…,offensive_general,o o,3001884
1886,Ø³Ú¯,offensive_general,o,3001886
1887,Ú¯Ø§ÛŒÛŒØ¯Ù…Øª,offensive_general,o,3001887
1888,Ø²Ù†ÛŒÚ©Ù‡,offensive_general,o,3001888
1890,Ú©ÛŒØ±Ù… ØªÙˆØª,offensive_general,o o,3001890
1892,Ù…Ø§Ø¯Ø± Ø¬Ù†Ø¯Ù‡,offensive_general,o o,3001892
1921,Ù…Ø±ØªÛŒÚ©Ù‡,offensive_general,o,3001921
1923,Ú©ÛŒØ±ÛŒ,offensive_general,o,3001923
1931,Ù¾Ø¯Ø± Ø³Ú¯,offensive_general,o o,3001931
1941,Ø§Ø³Ú©ÙˆÙ„,offensive_general,o,3001941
1943,Ø§Ø¨Ù„Ù‡,offensive_general,o,3001943
1949,Ú©ÙØªØ§Ø±,offensive_general,o,3001949
1952,Ø¯ÛŒÙˆØ«,offensive_general,o,3001952
1954,Ø¬Ø§Ú©Ø´,offensive_general,o,3001954
1958,Ú©ÙˆÙ†Øª Ø³ÙˆØ®Øª,offensive_general,o o,3001958
1978,Ú©ÛŒØ±ØªÙˆØª,offensive_general,o,3001978
1979,Ú©ÙˆÙ†ÛŒ,offensive_general,o,3001979
1982,Ø¨ÛŒØ³ÙˆØ§Ø¯,offensive_general,o,3001982
1986,Ø²Ø± Ù…ÙØª Ù†Ø²Ù†,offensive_general,o o o,3001986
1988,Ú©ÙˆÙ†ÛŒ,offensive_general,o,3001988
1991,Ø¯Ø±ÙˆØºÚ¯Ùˆ,offensive_general,o,3001991
1993,Ø´Ø§Ø´Ùˆ,offensive_general,o,3001993
2003,Ø¨ÛŒ Ù„ÛŒØ§Ù‚Øª,offensive_general,o o,3002003
2012,Ø¨ÛŒ Ø§Ø±Ø²Ø´,offensive_general,o o,3002012
2016,Ú†Ø§Ø®Ø§Ù†,offensive_general,o,3002016
2017,Ú©ÙˆÙ† Ù„Ù‚Øª,offensive_general,o o,3002017
2020,Ø­Ø±ÙˆÙ…Ø²Ø§Ø¯Ù‡,offensive_general,o,3002020
2021,Ú¯Ø¯Ø§,offensive_general,o,3002021
2026,Ú©ÛŒØ±Ù… ØªÙˆ Ú©ÙˆÙ†Øª,offensive_general,o o o,3002026
2030,Ø¹ÙˆØ¶ÛŒ,offensive_general,o,3002030
2032,Ú¯ÙˆØ²Ùˆ,offensive_general,o,3002032
2035,Ø¹Ù†,offensive_general,o,3002035
2036,Ú©Ø«Ø§ÙØª,offensive_general,o,3002036
2037,ØªÙ Ø¨Ù‡ Ø°Ø§ØªØª,offensive_general,o o o,3002037
2041,Ú©ÛŒØ±Ù… ØªÙˆ Ø¯Ù‡Ù†Øª,offensive_general,o o o,3002041
2049,Ù„Ø§Ø³ Ø²Ù†,offensive_general,o o,3002049
2052,Ø¹Ù†ØªØ±,offensive_general,o,3002052
2053,Ø§Ù†ØªØ±,offensive_general,o,3002053
2063,Ú¯Ø¯Ø§,offensive_general,o,3002063
2064,Ù„Ø§Ù„ Ø´Ùˆ,offensive_general,o o,3002064
2065,Ú¯ÙˆØ²Ùˆ,offensive_general,o,3002065
2072,Ø¬Ø§Ú©Ø´,offensive_general,o,3002072
2075,Ø¢Ø´ØºØ§Ù„,offensive_general,o,3002075
2081,Ø¹ÙˆØ¶ÛŒ,offensive_general,o,3002081
2088,Ú©ÛŒØ±Ù… ØªÙˆØª,offensive_general,o o,3002088
2091,Ø­Ø±ÙˆÙ…Ø²Ø§Ø¯Ù‡,offensive_general,o,3002091
2092,Ø¬Ù†Ø¯Ù‡,offensive_general,o,3002092
2099,Ø¨Ø±Ùˆ Ú¯Ù… Ø´Ùˆ,offensive_general,o o o,3002099
2104,Ø¯Ø²Ø¯,offensive_general,o,3002104
2105,Ø§Ø­Ù…Ù‚,offensive_general,o,3002105
2109,Ø¨ÛŒ Ù†Ø§Ù…ÙˆØ³,offensive_general,o o,3002109
2113,Ù…Ø²Ø¯ÙˆØ±,offensive_general,o,3002113
2114,Ø­Ø±ÙˆÙ…Ø²Ø§Ø¯Ù‡,offensive_general,o,3002114
2115,Ø±ÙˆØ§Ù†ÛŒ,offensive_general,o,3002115
2118,Ø¬Ø§Ú©Ø´,offensive_general,o,3002118
2120,Ú©ÙØªØ§Ø±,offensive_general,o,3002120
2122,Ø¨ÛŒØ³ÙˆØ§Ø¯,offensive_general,o,3002122
2123,Ù‡ÛŒÚ† Ú¯ÙˆÙ‡ÛŒ Ù†Ù…ÛŒ ØªÙˆÙ†ÛŒ Ø¨Ø®ÙˆØ±ÛŒ,offensive_general,o o o o o,3002123
2128,Ø¨ÛŒØ´Ø¹ÙˆØ±,offensive_general,o,3002128
2144,Ù†ÙÙ‡Ù…,offensive_general,o,3002144
2145,Ø¯ÛŒÙˆØ«,offensive_general,o,3002145
2150,Ø¨Ú†Ù‡ Ú©ÙˆÙ†ÛŒ,offensive_general,o o,3002150
2152,Ø¨ÛŒ Ù†Ø§Ù…ÙˆØ³,offensive_general,o o,3002152
2167,Ù†Ù…Ú© Ù†Ø´Ù†Ø§Ø³,offensive_general,o o,3002167
2170,Ø®Ø§ÛŒÙ‡ Ù…Ø§Ù„,offensive_general,o o,3002170
2173,ØºÙ„Ø· Ú©Ø±Ø¯ÛŒ,offensive_general,o o,3002173
2176,Ù„Ø§Ø´Ø®ÙˆØ±,offensive_general,o,3002176
2177,Ø¨ÛŒØ³ÙˆØ§Ø¯,offensive_general,o,3002177
2181,Ú©Ø«ÛŒÙ,offensive_general,o,3002181
2183,Ù…ØªÙ‚Ù„Ø¨,offensive_general,o,3002183
2184,Ú©Ø«Ø§ÙØª,offensive_general,o,3002184
2195,Ø²Ø± Ù†Ø²Ù†,offensive_general,o o,3002195
2200,Ú©ÙˆØ³Ú©Ø´,offensive_general,o,3002200
2202,Ù†Ø§Ø¯Ø§Ù†,offensive_general,o,3002202
2203,Ù†ÙÙ‡Ù…,offensive_general,o,3002203
2210,Ú¯ÙˆØ²Ùˆ,offensive_general,o,3002210
2211,Ú†Ø³Ùˆ,offensive_general,o,3002211
2212,Ú©ÙˆÙ†Øª Ø³ÙˆØ®Øª,offensive_general,o o,3002212
2222,Ø§Ø³Ú©Ù„,offensive_general,o,3002222
2226,Ø¨Ù‡ ÙØ§Ú© Ø±ÙØªÛŒ,offensive_general,o o o,3002226
2230,ØºÙ„Ø· Ú©Ø±Ø¯ÛŒ,offensive_general,o o,3002230
2232,Ø§Ù„Ø¯Ù†Ú¯,offensive_general,o,3002232
2234,Ú©ÙˆÙ†ÛŒ,offensive_general,o,3002234
2235,Ú©ÙˆÙ† Ú¯Ø´Ø§Ø¯,offensive_general,o o,3002235
2238,Ú©Ø³ Ù†Ù†Øª,offensive_general,o o,3002238
2239,Ù…ÙØª Ø®ÙˆØ±,offensive_general,o o,3002239
2244,Ø®ÙÙ‡ Ø´Ùˆ,offensive_general,o o,3002244
2245,Ø¨ Ú©ÛŒØ±Ù…,offensive_general,o o,3002245
2255,Ù„Ø§Ø³ Ø²Ù†,offensive_general,o o,3002255
2264,ÙØ§Ø³Ø¯,offensive_general,o,3002264
2275,Ø¹ÙˆØ¶ÛŒ,offensive_general,o,3002275
2276,Ø´Ø§Ø´ÛŒØ¯Ù… Ø¨Ù‡Øª,offensive_general,o o,3002276
2290,Ø²Ø§Ù„Ùˆ,offensive_general,o,3002290
2302,Ù†Ø§Ù…Ø±Ø¯,offensive_general,o,3002302
2337,Ù†Ø¬Ø³,offensive_general,o,3002337
2339,Ù…Ù„Ø¹ÙˆÙ†,offensive_general,o,3002339
2342,Ø¨ÛŒØ´Ø±Ù,offensive_general,o,3002342
2343,Ø§Ø¨Ù„Ù‡,offensive_general,o,3002343
2350,Ø®Ø§ÛŒÙ‡ Ù…Ø§Ù„,offensive_general,o o,3002350
2352,Ø¬Ø§Ú©Ø´,offensive_general,o,3002352
2362,Ø¨Ø±Ùˆ Ú¯Ù…Ø´Ùˆ,offensive_general,o o,3002362
2370,Ø¨Ø±Ùˆ Ø¯Ù†Ø¨Ø§Ù„ Ù‡ÙˆÙŠØª Ø®ÙˆØ¯Øª Ø¨Ø¨ÙŠÙ† Ø­Ù„Ø§Ù„ Ø²Ø§Ø¯Ù‡ Ø§ÙŠ ÙŠØ§ Ø­Ø±Ø§Ù… Ø²Ø§Ø¯Ù‡ Ø¨ÙŠØ´ØªØ± Ø¨Ù‡Øª Ù…ÙŠØ§Ø¯ Ø­Ø±ÙˆÙ… Ù„Ù‚Ù…Ù‡ Ø¨Ø§Ø´ÙŠ Ú©Ø«Ø§ÙØª,offensive_general,o o o o o o o o o o o o o o o o o o,3002370
2379,Ø¨ÛŒ Ø¯Ø³Øª Ùˆ Ù¾Ø§,offensive_general,o o o o,3002379
2381,Ø¢Ø´ØºØ§Ù„,offensive_general,o,3002381
2395,Ø§Ø¨Ù„Ù‡,offensive_general,o,3002395
2398,Ø¨Ú†Ù‡ Ú©ÙˆÙ†ÛŒ,offensive_general,o o,3002398
2401,ÙØ§Ú© ÛŒÙˆ,offensive_general,o o,3002401
2419,Ú©ÙˆÙ† Ù…ÛŒØ¯ÛŒ,offensive_general,o o,3002419
2424,Ù¾Ø¯Ø±Ø³Ú¯,offensive_general,o,3002424
2426,Ø§Ù„Ø§Øº,offensive_general,o,3002426
2432,Ù¾Ø³Øª,offensive_general,o,3002432
2434,Ø¹Ù‚Ø¨ Ù…ÙˆÙ†Ø¯Ù‡,offensive_general,o o,3002434
2435,Ù…Ø²Ø¯ÙˆØ±,offensive_general,o,3002435
2439,ÙˆØ­Ø´ÛŒ,offensive_general,o,3002439
2459,Ù‡Ø±Ø²Ù‡,offensive_general,o,3002459
2461,Ú©ÙˆÙ† Ù„Ù‚Øª,offensive_general,o o,3002461
2466,Ø´ÛŒØ§Ø¯,offensive_general,o,3002466
2475,Ø¨Ø±Ùˆ Ú©ÙŠØ±Ù… ØªÙˆ Ú©Ø³ Ø²Ù†Øª,offensive_general,o o o o o,3002475
2483,ÙˆÙ„Ø¯Ø²Ù†Ø§,offensive_general,o,3002483
2491,Ù…Ø§Ø¯Ø± Ø¨Ù‡ Ø®Ø·Ø§,offensive_general,o o o,3002491
2500,Ø®Ø§ÛŒÙ‡ Ù†Ø¯Ø§Ø±ÛŒ,offensive_general,o o,3002500
2511,Ø®Ø§Ø±Ø¬Ù†Ø¯Ù‡,offensive_general,o,3002511
2512,Ø®ÙˆØ§Ø±ØªÙˆ Ú¯Ø§ÛŒÛŒØ¯Ù…,offensive_general,o o,3002512
2513,Ù„Ø¹Ù†Øª Ø¨Ø± Ù¾Ø¯Ø± Ùˆ Ù…Ø§Ø¯Ø±Øª,offensive_general,o o o o o,3002513
2518,ØªØ®Ù…ÛŒ,offensive_general,o,3002518
2521,Ù…Ø§Ø¯Ø±Ø¬Ù†Ø¯Ù‡,offensive_general,o,3002521
2522,Ø§Ø¨Ù„Ù‡,offensive_general,o,3002522
2526,Ú©ÛŒØ±ÛŒ,offensive_general,o,3002526
2535,Ø®ÙÙ‡,offensive_general,o,3002535
2536,Ù¾Ø®Ù…Ù‡,offensive_general,o,3002536
2541,Ú†Ø±Øª Ù†Ú¯Ùˆ,offensive_general,o o,3002541
2546,Ú©ÛŒØ±ÛŒ,offensive_general,o,3002546
2548,ØªØ®Ù… Ø³Ú¯,offensive_general,o o,3002548
2557,Ø¨ÛŒ ØºÛŒØ±Øª,offensive_general,o o,3002557
2569,Ù¾Ø´Ù…Ø§Ù…,offensive_general,o,3002569
2575,ØªÙˆØ¨Ù‡ Ú¯ÙˆØ±Ù¾Ø¯Ø±Ø­Ø±ÙˆÙ…Ø²Ø§Ø¯Øª Ø®Ù†Ø¯ÙŠØ¯ÙŠ.,offensive_general,o o o,3002575
2583,Ø¨Ú¯Ø§ Ù…ÛŒØ±ÛŒ,offensive_general,o o,3002583
2584,Ø®Ø§ÛŒÙ…Ø§Ù„,offensive_general,o,3002584
2587,Ú©ÛŒØ±Ù… ØªÙˆØª,offensive_general,o o,3002587
2595,Ø¨ÛŒ Ù†Ø§Ù…ÙˆØ³,offensive_general,o o,3002595
2598,Ø§Ø±Ù‡ Ø¬ÙˆÙ† Ø¹Ù…Øª,offensive_general,o o o,3002598
2608,Ø§Ø­Ù…Ù‚,offensive_general,o,3002608
2615,Ø±ÛŒØ¯Ù… ØªÙˆ Ø¯Ù‡Ù†Øª,offensive_general,o o o,3002615
2624,Ú©ÛŒØ± Ø´Ø¯ÛŒ,offensive_general,o o,3002624
2626,Ø¨Ù…ÛŒØ±,offensive_general,o,3002626
2635,Ø¨ÛŒØ´Ø¹ÙˆØ±,offensive_general,o,3002635
2636,Ù¾ÙÛŒÙˆØ²,offensive_general,o,3002636
2638,Ø®Ø¯Ø§ Ù„Ø¹Ù†ØªØª Ú©Ù†Ù‡,offensive_general,o o o,3002638
2639,Ø¬Ø§Ú©Ø´,offensive_general,o,3002639
2640,Ú©Ø³Ú©Ø´,offensive_general,o,3002640
2642,Ú©ÙˆÙ†Øª Ø¨Ø³ÙˆØ²Ù‡,offensive_general,o o,3002642
2643,Ú©ÙˆÙ†Øª Ù…ÛŒØ²Ø§Ø±Ù…,offensive_general,o o,3002643
2646,Ú†Ù„ØºÙˆØ²,offensive_general,o,3002646
2655,Ú¯Ø§ÛŒÛŒØ¯Ù…Øª,offensive_general,o,3002655
2657,Ø´ÛŒØ§Ø¯,offensive_general,o,3002657
2661,ÙˆØ­Ø´ÛŒ,offensive_general,o,3002661
2667,Ø¨Ø±Ùˆ Ø¨Ù…ÛŒØ±,offensive_general,o o,3002667
2671,Ú†Ù‚Ø¯ Ú©ÛŒØ±ÛŒ Ù‡Ø³ØªÛŒ,offensive_general,o o o,3002671
2673,ØªØ®Ù… Ø³Ú¯,offensive_general,o o,3002673
2674,Ú†Ù†Ø¯Ø´,offensive_general,o,3002674
2678,ÙØ§Ú©,offensive_general,o,3002678
2679,Ú©ÙˆÙ†Øª Ú¯Ù‡ÛŒÙ‡,offensive_general,o o,3002679
2683,Ù…Ø§Ø¯Ø± Ø¬Ù†Ø¯Ù‡,offensive_general,o o,3002683
2686,ÙØªÙ†Ù‡ Ú¯Ø±,offensive_general,o o,3002686
2687,Ú©ÛŒ Ø±ÙˆØªÙˆ Ú©Ù… Ù…ÛŒÚ©Ù†ÛŒ,offensive_general,o o o o,3002687
2690,Ù…ÙØª Ø®ÙˆØ±,offensive_general,o o,3002690
2694,Ø®Ø§Ú© Ø¨Ø± Ø³Ø±Øª,offensive_general,o o o,3002694
2698,Ø®Ø§ÛŒÙ‡ Ù…Ø§Ù„,offensive_general,o o,3002698
2706,Ø¬Ø§Ú©Ø´,offensive_general,o,3002706
2712,Ø¨ÛŒØ³ÙˆØ§Ø¯,offensive_general,o,3002712
2714,ØªØ®Ù… Ø­Ø±ÙˆÙ…,offensive_general,o o,3002714
2717,Ø´ÛŒØ§Ø¯,offensive_general,o,3002717
2725,Ø±ÛŒØ¯Ù… Ø¨Ù‡Øª,offensive_general,o o,3002725
2783,Ø®ÙÙ‡ Ø´Ùˆ,offensive_general,o o,3002783
2802,Ù¾ÙÛŒÙˆØ²,offensive_general,o,3002802
2804,ÙØ§Ú© ÛŒÙˆ,offensive_general,o o,3002804
2805,Ø¬Ø§Ú©Ø´,offensive_general,o,3002805
2807,Ú©ÛŒØ±ÛŒ,offensive_general,o,3002807
2823,Ù¾Ø¯Ø± Ø³Ú¯,offensive_general,o o,3002823
2824,Ø§Ø¨Ù„Ù‡,offensive_general,o,3002824
2837,Ø¨Ù…ÛŒØ±,offensive_general,o,3002837
2838,Ø­Ø±Ø§Ù…Ø²Ø§Ø¯Ù‡,offensive_general,o,3002838
2844,Ú¯ÙˆÙ‡,offensive_general,o,3002844
2845,Ø±ÛŒØ¯ÛŒ,offensive_general,o,3002845
2851,Ú©ÛŒØ± Ø´Ø¯ÛŒ,offensive_general,o o,3002851
2872,Ú¯ÙˆÙ‡ Ù†Ø®ÙˆØ±,offensive_general,o o,3002872
2874,Ø®Ø§Ú© ØªÙˆ Ø³Ø±Øª,offensive_general,o o o,3002874
2889,Ø¨Ù‡ Ú©ÛŒØ±Ù…,offensive_general,o o,3002889
2890,Ú©ØµÙ…Ø´Ù†Ú¯,offensive_general,o,3002890
2894,Ø¯Ù„Ù‚Ú©,offensive_general,o,3002894
2902,Ú¯Ù… Ø´Ùˆ,offensive_general,o o,3002902
2910,Ø®Ø± Ø®ÙˆØ¯ØªÛŒ,offensive_general,o o,3002910
2940,Ø²Ø§Ø±Øª,offensive_general,o,3002940
2948,ÙØ§Ú© ÛŒÙˆ,offensive_general,o o,3002948
2949,ÙˆØ­Ø´ÛŒ,offensive_general,o,3002949
2951,Ù¾Ø¯Ø± Ø³ÙˆØ®ØªÙ‡,offensive_general,o o,3002951
2959,Ø§Ù†Ú¯Ù„,offensive_general,o,3002959
2968,Ø¨Ú†Ù‡ Ø¨Ø§Ø²,offensive_general,o o,3002968
2970,Ø¨Ø¨Ù†Ø¯ Ø¯Ù‡Ù†ØªÙˆ,offensive_general,o o,3002970
2975,Ø¨Ø±Ùˆ Ú©ÙŠØ± ØªÙˆ Ú©ÙˆÙ†Øª,offensive_general,o o o o,3002975
2977,Ù‚Ø±Ù…Ø³Ø§Ù‚,offensive_general,o,3002977
2979,ØªÙˆÙ‡Ù… Ø²Ø¯ÛŒ,offensive_general,o o,3002979
2983,Ø®Ø§Ø±Ú©Ø³Ù‡,offensive_general,o,3002983
2991,Ø¹Ù† Ø®Ø§ØµÛŒ Ù‡Ø³ØªÛŒ,offensive_general,o o o,3002991
2995,Ø¨Ù‡ Ø¬Ù‡Ù†Ù…,offensive_general,o o,3002995
3001,Ø§Ø­Ù…Ù‚,offensive_general,o,3003001
3005,Ø®Ø§Ú© ØªÙˆ Ø³Ø±Øª Ø¨Ø±ÛŒÙ†Ù†,offensive_general,o o o o,3003005
3023,Ø¨ÙŠØ¶Ù‡Ø§Ù… ØªÙˆ Ø­Ù„Ù‚ÙˆÙ…Øª,offensive_general,o o o,3003023
3029,Ù¾Ø§Ú†Ù‡ Ø®ÙˆØ§Ø±,offensive_general,o o,3003029
3030,Ø§Ù†Ú¯Ù„,offensive_general,o,3003030
3034,Ú†Ø§Ù‚Ø§Ù„,offensive_general,o,3003034
3038,Ø¨ÛŒØ´Ø±Ù,offensive_general,o,3003038
3046,Ø®ÙÙ‡,offensive_general,o,3003046
3048,Ú©ÙØªØ§Ø±,offensive_general,o,3003048
3050,ØªÙ‡ÛŒ Ù…ØºØ²,offensive_general,o o,3003050
3052,Ø§Ø­Ù…Ù‚,offensive_general,o,3003052
3059,Ú©ÙˆÙ† Ù„Ù‚Øª,offensive_general,o o,3003059
3066,Ø¯Ù‡Ù†ØªÙˆ Ø¨Ø¨Ù†Ø¯,offensive_general,o o,3003066
3082,Ú¯ÙˆÙ‡ ØªÙˆØª,offensive_general,o o,3003082
3090,ØªØ± Ø²Ø¯ÛŒ,offensive_general,o o,3003090
3092,ØªØ®Ù… Ù†Ø¯Ø§Ø±ÛŒ,offensive_general,o o,3003092
3102,Ø­Ø±ÙˆÙ…Ø²Ø§Ø¯Ù‡,offensive_general,o,3003102
3107,Ú©ÛŒØ±Ù… ØªÙˆØª,offensive_general,o o,3003107
3125,Ú©ÛŒØ±Ù… ØªÙˆ Ú©ÙˆÙ†Øª,offensive_general,o o o,3003125
3126,Ú©ÛŒØ± ØªÙˆØª,offensive_general,o o,3003126
3152,Ú©ÛŒØ±,offensive_general,o,3003152
3154,Ù…Ù„Ø¹ÙˆÙ†,offensive_general,o,3003154
3162,Û´Û° Ù¾Ø¯Ø±,offensive_general,o o,3003162
3165,Ø¨Ù‡ Ø¬Ù‡Ù†Ù…,offensive_general,o o,3003165
3167,Ø¯Ø§Ø±Ø§Ù„Ø®Ù„Ø§,offensive_general,o,3003167
3174,Ø§Ø³Ú©ÙˆÙ„,offensive_general,o,3003174
3178,Ø¨Ú¯Ù… Ø¨Ù‡ Ú©ÛŒØ±Ù… Ù†Ø§Ø±Ø§Ø­Øª Ù…ÛŒØ´ÛŒØŸ,offensive_general,o o o o o,3003178
3182,Ø®Ø§Ú© Ø¨Ø± Ø³Ø±Øª,offensive_general,o o o,3003182
3203,Ù†Ú¯Ø§ÛŒÛŒØ¯Ù…Øª,offensive_general,o,3003203
3206,Ú©ÛŒØ±ÛŒ,offensive_general,o,3003206
3214,Ù…Ø²Ø®Ø±Ù,offensive_general,o,3003214
3222,Ø¨Ù…ÛŒØ±,offensive_general,o,3003222
3224,Ø¨ÛŒØ´Ø±Ù,offensive_general,o,3003224
3231,Ù„Ø¹Ù†Øª Ø¨Ù‡Øª,offensive_general,o o,3003231
3235,Ø¨Ú¯Ø§ Ø±ÙØªÛŒ,offensive_general,o o,3003235
3237,Ø´Ù„ØºÙ…,offensive_general,o,3003237
3255,ÙØ§Ú© ÛŒÙˆ,offensive_general,o o,3003255
3261,Ù…Ø§Ø¯Ø±Ø¬Ù†Ø¯Ù‡,offensive_general,o,3003261
3276,Ù¾ÙÛŒÙˆØ²,offensive_general,o,3003276
3285,Ø¯ÛŒÙˆØ§Ù†Ù‡,offensive_general,o,3003285
3289,Ú©ÛŒØ±Ù… ØªÙˆ Ù…ØºØ² Ù†Ø¯Ø§Ø´ØªØª,offensive_general,o o o o,3003289
3307,Ú©ÙˆÙ† Ù„Ù‚Øª,offensive_general,o o,3003307
3313,Ø¢Ø´ØºØ§Ù„,offensive_general,o,3003313
3322,Ø¬Ù„Ù.Ø³Ø¨Ú©.Ø¯Ù†Ø¨Ù‡,offensive_general,o,3003322
3323,Ø¨Ø±ÙŠ Ø¨ Ø¬Ù‡Ù†Ù… Ø¨ÙŠØ´Ø±Ù,offensive_general,o o o o,3003323
3324,Ø§Ø³Ú©ÙˆÙ„,offensive_general,o,3003324
3327,Ø§Ø´ØºØ§Ù„,offensive_general,o,3003327
3344,Ú¯Ø§Ú¯ÙˆÙ„,offensive_general,o,3003344
3350,Ø§Ù†ØªØ±,offensive_general,o,3003350
3354,ØªØ®Ù…ÛŒ,offensive_general,o,3003354
3356,Ú†Ø³,offensive_general,o,3003356
3357,Ø±ÛŒØ¯ÛŒ,offensive_general,o,3003357
3372,Ø²Ù† Ø¬Ù†Ø¯Ù‡,offensive_general,o o,3003372
3381,Ù…Ø±ÛŒØ¶ÛŒ,offensive_general,o,3003381
3390,Ø¬Ø§Ú©Ø´,offensive_general,o,3003390
3392,Ú©ÙˆÙ† Ù¾Ø§Ø±Ù‡,offensive_general,o o,3003392
3397,Ú©Ø³Ø®Ù„,offensive_general,o,3003397
3421,Ø±ÛŒØ¯Ù…,offensive_general,o,3003421
3427,Ø§Ø­Ù…Ù‚,offensive_general,o,3003427
3430,Ø¨Ù‡ ØªØ®Ù… Ú†Ù¾Ù…,offensive_general,o o o,3003430
3434,Ø§Ø¨Ù„Ù‡,offensive_general,o,3003434
3442,Ø­Ø§Ù„Ù… Ø§Ø²Øª Ø¨Ù‡Ù… Ù…ÛŒØ®ÙˆØ±Ù‡,offensive_general,o o o o,3003442
3445,Ø®Ø§Ú© ØªÙˆ Ø³Ø±Øª,offensive_general,o o o,3003445
3446,Ú©ÙˆÙØª,offensive_general,o,3003446
3451,Ú©Ø«Ø§ÙØª,offensive_general,o,3003451
3454,Ø²Ù† Ø¬Ù†Ø¯Ù‡,offensive_general,o o,3003454
3459,Ø¬Ù†Ø¯Ù‡ Ø´Ø¯ÛŒ,offensive_general,o o,3003459
3465,Ø®ÙÙ‡ Ø´Ùˆ Ø¨Ø§Ø¨Ø§,offensive_general,o o o,3003465
3471,Ø¨ÛŒÙ†Ø§Ù…ÙˆØ³,offensive_general,o,3003471
3474,ÙˆØ§Øª Ø¯ ÙØ§Ú©,offensive_general,o o o,3003474
3483,Ø®Ø¯Ø§Ø´Ù…Ø§ Ø±ÙˆØ´ÙØ§ Ø¨Ø¯Ù‡,offensive_general,o o o,3003483
3487,ÙØ§Ú©,offensive_general,o,3003487
3488,Ø§Ø­Ù…Ù‚,offensive_general,o,3003488
3489,Ú©ÙØªØ§Ø±,offensive_general,o,3003489
3504,Ù…Ø´Ù†Ú¯,offensive_general,o,3003504
3516,Ø§Ø­Ù…Ù‚,offensive_general,o,3003516
3542,Ø§Ø²Ú¯Ù„,offensive_general,o,3003542
3550,Ù¾Ø¯Ø± Ø³ÙˆØ®ØªÙ‡,offensive_general,o o,3003550
3552,Ø²Ø± Ù…ÙØª Ù†Ø²Ù†,offensive_general,o o o,3003552
3554,Ø®Ø± Ø®ÙˆØ¯ØªÛŒ,offensive_general,o o,3003554
3556,Ø¨ÛŒ Ú¯Ù†Ø§Ù‡ ÙˆØ­Ø´ÛŒ,offensive_general,o o o,3003556
3568,Ø¹Ù†,offensive_general,o,3003568
3572,Ø¯Ø§Ø±ÛŒ Ù…ÛŒÙ…ÛŒØ±ÛŒ,offensive_general,o o,3003572
3578,Ø§Ø±ÙˆØ§Ø­ Ù†Ù†Øª,offensive_general,o o,3003578
3589,Ø¨Ú¯Ø§ Ø±ÙØªÛŒ,offensive_general,o o,3003589
3596,Ø§Ø³Ú©Ù„,offensive_general,o,3003596
3603,Ú©ÛŒØ±ÛŒ ,offensive_general,o,3003603
3607,Ù„Ø¹Ù†Øª Ø¨Ù‡Øª,offensive_general,o o,3003607
3608,Ú©ØµÚ©Ø´,offensive_general,o,3003608
3612,Ø§Ø¨Ù„Ù‡,offensive_general,o,3003612
3613,Ú©ÙˆÙ† Ù†Ø´ÙˆØ±,offensive_general,o o,3003613
3617,Ú©Ú†Ù„,offensive_general,o,3003617
3618,Ø®Ø§ÛŒÙ…Ø§Ù„,offensive_general,o,3003618
3623,Ú¯Ø§Ú¯ÙˆÙ„,offensive_general,o,3003623
3627,Ø§Ø³Ú©Ù„,offensive_general,o,3003627
3628,Ø±ÛŒØ¯Ù… Ø¯Ù‡Ù†Øª,offensive_general,o o,3003628
3633,ØºÙ„Ø· Ú©Ø±Ø¯ÛŒ,offensive_general,o o,3003633
3635,Ø§Ù„Ø§Øº Ø§Ø­Ù…Ù‚,offensive_general,o o,3003635
3638,Ø¹Ù†ØªØ±,offensive_general,o,3003638
3639,Ø®Ø§Ú© Ø¨Ø± Ø³Ø±Øª,offensive_general,o o o,3003639
3640,Ø§Ø­Ù…Ù‚,offensive_general,o,3003640
3643,Ø®Ø§Ø±ØªÙˆ Ú¯Ø§ÛŒÛŒØ¯Ù…,offensive_general,o o,3003643
3646,Ù„Ø§Ø´ÛŒ,offensive_general,o,3003646
3658,Ú¯Ù‡ Ù†Ø®ÙˆØ±,offensive_general,o o,3003658
3659,Ø­ÛŒÙ Ù†ÙˆÙ†,offensive_general,o o,3003659
3661,Ø­Ø±Ø§Ù…Ø²Ø§Ø¯Ù‡,offensive_general,o,3003661
3671,Ø³ÛŒÚ©ØªÛŒØ±,offensive_general,o,3003671
3687,Ø¨Ù‡ Ú©ÛŒØ±Øª,offensive_general,o o,3003687
3695,Ø¨ÛŒ Ù„ÛŒØ§Ù‚Øª,offensive_general,o o,3003695
3697,Ù†Ú¯Ø§ÛŒÛŒØ¯Ù…,offensive_general,o,3003697
3701,Ú©ÛŒØ±Ù… Ø¯Ù‡Ù†Øª,offensive_general,o o,3003701
3704,Ø®Ø§Ú© ØªÙˆ Ø³Ø±Øª,offensive_general,o o o,3003704
3705,Ú†Ù‚Ø¯Ø± Ø¨Ø¯ Ø¨Ø®ØªÛŒ,offensive_general,o o o,3003705
3713,Ø¬Ù‚ÛŒ,offensive_general,o,3003713
3715,Ø¨ÛŒØ³ÙˆØ§Ø¯,offensive_general,o,3003715
3721,Ú©ÛŒØ±,offensive_general,o,3003721
3730,Ú©ÙˆÙ†ÛŒâ€ŒØ§ÛŒ,offensive_general,o,3003730
3746,Ø¨ÛŒØ³ÙˆØ§Ø¯,offensive_general,o,3003746
3751,Ú†Ù†Ø¯Ø´,offensive_general,o,3003751
3754,Ú©Ø³Ø®Ù„,offensive_general,o,3003754
3761,Ø¨Ø¯Ù… Ù…ÛŒØ§Ø¯ Ø§Ø²Øª,offensive_general,o o o,3003761
3763,Ø¨ÛŒ Ø´Ø±Ù,offensive_general,o o,3003763
3764,Ø®ÛŒÙ„ÛŒ Ø®Ø±ÛŒ,offensive_general,o o,3003764
3768,Ú¯ÙˆØ²,offensive_general,o,3003768
3771,Ú©Ø«Ø§ÙØª,offensive_general,o,3003771
3772,Ø®Ø±,offensive_general,o,3003772
3775,Ø®Ø§ÛŒÙ…Ø§Ù„,offensive_general,o,3003775
3781,Ø¨Ú¯Ø§ Ø±ÙØªÛŒ,offensive_general,o o,3003781
3784,Ù…ÛŒÚ¯ÙˆØ²ÛŒ,offensive_general,o,3003784
3789,Ú©ÙˆÙ†ÛŒ,offensive_general,o,3003789
3794,Ù…Ø²Ø¯ÙˆØ±,offensive_general,o,3003794
3796,ØªÙ ØªÙˆ Ù‚Ù…Ø¨Ù„Øª ,offensive_general,o o o,3003796
3797,Ø®Ø±ÛŒ,offensive_general,o,3003797
3800,Ø²Ø§Ù„Ùˆ,offensive_general,o,3003800
3807,Ø§Ø±Ù‡ Ø¬ÙˆÙ† Ø¹Ù…Øª,offensive_general,o o o,3003807
3822,Ø­Ø±Ù Ù…ÙØª Ù†Ø²Ù†,offensive_general,o o o,3003822
3823,Ø¨ÛŒ Ø¯Ø³Øª Ùˆ Ù¾Ø§,offensive_general,o o o o,3003823
3832,Ø¬Ù†Ø¯Ù‡,offensive_general,o,3003832
3839,Ú©ØµÙ„ÛŒØ³,offensive_general,o,3003839
3846,Ø¯Ø²Ø¯,offensive_general,o,3003846
3850,Ø±ÛŒØ¯ÛŒ,offensive_general,o,3003850
3851,Ø¹Ù†,offensive_general,o,3003851
3852,Ø§Ø³Ú¯Ù„,offensive_general,o,3003852
3854,Ø§Ø³Ù‡Ø§Ù„ Ø·Ù„Ø¨,offensive_general,o o,3003854
3862,Ú¯Ø§ÛŒÛŒØ¯Ù…Øª,offensive_general,o,3003862
3867,Ú©ÙˆÙ†ÛŒâ€ŒØ§ÛŒ,offensive_general,o,3003867
3870,Ú¯Ø§Ùˆ,offensive_general,o,3003870
3871,Ø¨Ø²ØºØ§Ù„Ù‡,offensive_general,o,3003871
3873,Ú©Ø±Ù‡ Ø®Ø±,offensive_general,o o,3003873
3874,Ø¨Ù‡ Ú©ÛŒØ±Ù…,offensive_general,o o,3003874
3876,Ø¨ÛŒ Ø¹Ø±Ø¶Ù‡,offensive_general,o o,3003876
3877,Ø§Ù„Ø¯Ù†Ú¯,offensive_general,o,3003877
3889,Ø¨Ú¯Ø§ Ø±ÙØªÛŒ,offensive_general,o o,3003889
3900,Ú©ÛŒØ±Ù… Ø¯Ù‡Ù†Øª,offensive_general,o o,3003900
3932,ÙØ§Ø³Ø¯,offensive_general,o,3003932
3933,Ø¨ÛŒ Ø¹Ø±Ø¶Ù‡,offensive_general,o o,3003933
3934,Ø¬Ø§Ú©Ø´ÛŒ,offensive_general,o,3003934
3937,Ú¯ÙˆØ²Ùˆ,offensive_general,o,3003937
3954,Ø¨Ø²Ù† Ø¨Ø²Ù† Ù…Ø­Ú©Ù… Ø¨Ø²Ù† ØªÙˆ Ø³Ø±Øª ØŒØ®Ø§Ú© ØªÙˆ Ø³Ø±Øª,offensive_general,o o o o o o o o o,3003954
3955,Ø§Ø¨Ù„Ù‡,offensive_general,o,3003955
3965,Ø³Ú¯,offensive_general,o,3003965
3974,Ø§Ø¨Ù„Ù‡,offensive_general,o,3003974
3978,Ø®Ø¬Ø§Ù„Øª Ø¨Ú©Ø´,offensive_general,o o,3003978
3979,Ø®ÙÙ‡ Ø´Ùˆ Ú©Ø«Ø§ÙØª Ù„Ø¬Ù†,offensive_general,o o o o,3003979
3985,Ø¬Ù†Ø¯Ù‡â€ŒØ§ÛŒ,offensive_general,o,3003985
3986,Ù¾Ø¯Ø±Ø³ÙˆØ®ØªÙ‡,offensive_general,o,3003986
4007,Ù†Ø§Ø¯Ø§Ù†,offensive_general,o,3004007
4010,Ù¾Ø¯Ø±ØªÙˆ Ø¯Ø±Ù…ÛŒØ§Ø±Ù…,offensive_general,o o,3004010
4014,Ú†Ø´Ù…Øª Ú©ÙˆØ±,offensive_general,o o,3004014
4027,Ø¨ÛŒ Ù¾Ø¯Ø±,offensive_general,o o,3004027
4030,Ø®Ø§ÛŒÙ‡ Ù…Ø§Ù„,offensive_general,o o,3004030
4037,ØªÙ Ø¨Ù‡ Ø°Ø§ØªØª,offensive_general,o o o,3004037
4041,ÙˆØ§Øª Ø¯ ÙØ§Ú©,offensive_general,o o o,3004041
4047,Ø¬Ø§Ú©Ø´,offensive_general,o,3004047
4066,Ø§Ø¨Ù„Ù‡,offensive_general,o,3004066
4071,ÙØ§Ú© ÛŒÙˆ,offensive_general,o o,3004071
4072,Ú©ÛŒØ± ØªÙˆØª,offensive_general,o o,3004072
4076,Ø®Ø±ÛŒ,offensive_general,o,3004076
4077,Ø¨ÙŠ Ù†Ø§Ù…ÙˆØ³ Ù…Ø±Ø¯Ù… Ø§Ú¯Ù‡ Ú¯ÙŠØ±Øª Ø¨ÙŠØ§Ø±Ù† ØªÙ†Ù‡Ø§ Ø®Ø§Ù‡Ø±ØªÙˆ Ù…ÙŠÚ¯Ø§ÙŠÙ†,offensive_general,o o o o o o o o o,3004077
4089,Ù†Ú¯Ø§ÛŒÛŒØ¯Ù…Øª,offensive_general,o,3004089
4092,Ø¬Ù†Ø¯Ù‡ Ø®Ø§Ù†ÙˆÙ…,offensive_general,o o,3004092
4095,Ø®Ø§Ú© ØªÙˆ Ø³Ø±Øª,offensive_general,o o o,3004095
4097,Ø¨ÛŒØ´Ø±Ù,offensive_general,o,3004097
4102,Ø±ÛŒØ¯ÛŒ,offensive_general,o,3004102
4103,Ø§Ø­Ù…Ù‚,offensive_general,o,3004103
4110,Ø¯ÛŒÙˆØ«,offensive_general,o,3004110
4122,Ø¨ÛŒÙ†Ø§Ù…ÙˆØ³,offensive_general,o,3004122
4125,Ø¨Ø±Ùˆ Ø¨Ù…ÛŒØ±,offensive_general,o o,3004125
4128,Ø¨ÛŒØ´Ø±Ù,offensive_general,o,3004128
4138,ÙØ§Ú©,offensive_general,o,3004138
4140,Ø¨Ù…ÛŒØ±,offensive_general,o,3004140
4142,ØµØ¯Ø§Øª Ú©ÛŒØ±ÛŒÙ‡,offensive_general,o o,3004142
4143,ØºØ±Ø¨ØªÛŒ,offensive_general,o,3004143
4144,Ø¨ÙØ§Ú© Ø±ÙØªÛŒ,offensive_general,o o,3004144
4149,Ø®ÛŒÙ„ÛŒ Ø®Ø²ÛŒ,offensive_general,o o,3004149
4151,Ù¾ÙÛŒÙˆØ²,offensive_general,o,3004151
4153,ØªØ§Ù¾Ø§Ù„Ù‡,offensive_general,o,3004153
4157,Ù¾Ø¯Ø±Ø³Ú¯,offensive_general,o,3004157
4158,Ú©Ø³Ø®Ù„,offensive_general,o,3004158
4162,Ø®Ø¯Ø§ Ù„Ø¹Ù†ØªØª Ú©Ù†Ù‡,offensive_general,o o o,3004162
4169,Ú†Ø§Ù‚Ø§Ù„,offensive_general,o,3004169
4180,Ú©ÛŒØ±ÛŒ Ù‡Ø³ØªÛŒ,offensive_general,o o,3004180
4181,Ø§Ø­Ù…Ù‚,offensive_general,o,3004181
4182,Ú¯Ø§Ùˆ,offensive_general,o,3004182
4184,Ø±ÙˆØºÙ† Ø¨Ù†ÙØ´Ù‡ ØªÙˆ Ú©ÙˆÙ†Øª,offensive_general,o o o o,3004184
4186,Ø­Ø±ÙˆÙ…Ø²Ø§Ø¯Ù‡,offensive_general,o,3004186
4188,Ø¯ÛŒÙˆØ³,offensive_general,o,3004188
4194,Ú©ÙˆÙ† Ù„Ù‚Øª,offensive_general,o o,3004194
4195,Ø³ÛŒÚ©ØªÛŒØ± Ú©Ù†,offensive_general,o o,3004195
4197,Ø¨ÛŒØ´Ø±Ù,offensive_general,o,3004197
4201,Ø¯Ù‡Ù†Øª Ø³Ø±ÙˆÛŒØ³,offensive_general,o o,3004201
4204,Ø¹Ù† Ø´Ø¯ÛŒ,offensive_general,o o,3004204
4207,Ø®ÙÙ‡ Ø´Ùˆ,offensive_general,o o,3004207
4216,Ø±ÛŒØ¯ÛŒ,offensive_general,o,3004216
4217,Ù…Ø§Ø¯Ø± Ø¬Ù†Ø¯Ù‡,offensive_general,o o,3004217
4221,ØªØ®Ù…ÛŒ,offensive_general,o,3004221
4222,Ø¯ÛŒÙˆØ«,offensive_general,o,3004222
4255,Ú©Ø³Ú©Ø´,offensive_general,o,3004255
4270,Ø¬Ø§Ú©Ø´,offensive_general,o,3004270
4290,Ø§Ù†ØªØ±,offensive_general,o,3004290
4306,Ú©Ø«ÛŒÙ,offensive_general,o,3004306
4332,Ú©Ú†Ù„,offensive_general,o,3004332
4334,Ø®ÙÙ‡ Ø´Ø¯ÛŒ,offensive_general,o o,3004334
4336,Ú©ÛŒØ±Ù… Ø¯Ù‡Ù†Øª,offensive_general,o o,3004336
4354,Ú©Ø«Ø§ÙØª,offensive_general,o,3004354
4365,Ú©ÙˆÙ†ÛŒ Ù…Ø§Ø¨Ù‡Øª Ø¬Ø±Ù…ÛŒØ®ÙˆØ±ÛŒ Ú©ÙˆÙ†ÛŒ,offensive_general,o o o o,3004365
4380,Ø­Ø±ÙˆÙ… Ø²Ø§Ø¯Ù‡,offensive_general,o o,3004380
4391,Ù„Ø¹Ù†ØªÛŒ,offensive_general,o,3004391
4392,Ø´Ø§Ø´Ùˆ,offensive_general,o,3004392
4396,Ú©ÛŒØ±ÛŒ ,offensive_general,o,3004396
4397,Ú©ÛŒØ±Ù… ØªÙˆ Ú©Øµ Ù…Ø§Ø¯Ø±Øª,offensive_general,o o o o,3004397
4401,Ú©ÛŒØ±ÛŒ,offensive_general,o,3004401
4413,Ø¨ÛŒØ´Ø±Ù,offensive_general,o,3004413
4416,Ø¨Ø¯Ø¨Ø®Øª ,offensive_general,o,3004416
4431,Ø¨ÛŒâ€ŒÙ†Ø§Ù…ÙˆØ³,offensive_general,o,3004431
4438,Ø®Ø§ÛŒÙ‡ Ù…Ø§Ù„,offensive_general,o o,3004438
4446,Ø§Ø´ØºØ§Ù„,offensive_general,o,3004446
4458,Ø®Ø§Ú© ØªÙˆ Ø³Ø±Øª,offensive_general,o o o,3004458
4468,ØªÙˆ Ø¯ÛŒÚ¯Ù‡ Ú†Ù‡ Ø®Ø±ÛŒ Ù‡Ø³ØªÛŒ,offensive_general,o o o o o,3004468
4484,ØªØ®Ù…ÛŒ,offensive_general,o,3004484
4486,Ø²Ø´Øª,offensive_general,o,3004486
4488,Ø§Ù†Ú¯Ù„ ,offensive_general,o,3004488
4493,Ø¬Ø§Ú©Ø´,offensive_general,o,3004493
4513,Ø¬Ø§Ú©Ø´,offensive_general,o,3004513
4516,ØªØ®Ù…ÛŒ,offensive_general,o,3004516
4527,Ø®Ø±,offensive_general,o,3004527
4530,Ú©ÛŒØ±Ù… ØªÙˆØª,offensive_general,o o,3004530
4535,Ø¨ÛŒÙ†Ø§Ù…ÙˆØ³,offensive_general,o,3004535
4536,Ø³Ú¯ ØªÙˆ Ø±ÙˆØ­Øª,offensive_general,o o o,3004536
4545,ØªØ®Ù… Ø­Ø±ÙˆÙ…,offensive_general,o o,3004545
4558,Ú©ÙˆØ³Ø®ÙˆÙ„,offensive_general,o,3004558
4562,Ø¯Ù‡Ù†ØªÙˆ Ú¯Ø§ÛŒÛŒØ¯Ù…,offensive_general,o o,3004562
4563,Ø¹Ù†,offensive_general,o,3004563
4567,Ø¬Ø§Ú©Ø´,offensive_general,o,3004567
4572,Ø¨Ø±Ùˆ Ø¨Ù‡ Ø¬Ù‡Ù†Ù…,offensive_general,o o o,3004572
4575,Ú©Ø³Ú©Ø´,offensive_general,o,3004575
4576,Ø¨Ù†Ø¯Ø§Ø²Ù…Øª Ù¾ÙŠØ´ Ø¹Ù‚Ø±Ø¨ Ùˆ Ù…Ø§Ø±,offensive_general,o o o o o,3004576
4577,Ú†Ù‚Ø¯Ø± Ø­Ø±ÙˆÙ… Ø²Ø§Ø¯Ù‡ Ø§ÛŒ ,offensive_general,o o o o,3004577
4579,Ú†Ù‚Ø¯Ø± Ø®ÙˆØ¯ØªÙˆ Ø¯Ø§Ø±ÙŠ Ø¬Ø± Ù…ÙŠØ¯ÙŠ ğŸ˜‚ğŸ˜‚ğŸ˜‚,offensive_general,o o o o o o,3004579
4580,Ø±ÛŒØ¯Ù… Ù¾Ø³ Ú©Ù„Ù‡ Øª,offensive_general,o o o o,3004580
4581,Ø§Ø³Ú©Ù„Ù„Ù„Ù„ğŸ˜‚,offensive_general,o,3004581
4582,Ø§Ø² Ø³Ø±ÛŒ Ø¨Ø¹Ø¯ Ø®Ù„Ø§ØµÙ‡ Ù…ÛŒÚ¯ÛŒ Ú©ÙˆÙ†ÛŒ ğŸ˜‚ğŸ˜‚ğŸ˜‚,offensive_general,o o o o o o o,3004582
4583,Ø§ÙˆÙˆÙˆÙˆÙ Ø¯Ú¯Ù‡ Ú†Ù‡ Ø­Ø§Ù„ÛŒ Ø¨Ø¯Ù‡,offensive_general,o o o o o,3004583
4584,Ø§ÛŒÙ†Ù‚Ø¯Ø± Ø­Ø±Ù Ø²Ø¯ÛŒ Ø±ÛŒØ¯ÛŒ ØªÙˆ Ø­Ø§Ù„Ù…,offensive_general,o o o o o o,3004584
4585,Ø¯Ø§Ø±ÛŒ Ù…Ø§Ù„Ù‡ Ù…ÛŒâ€ŒÚ©Ø´ÛŒ ,offensive_general,o o o,3004585
4586,Ø¹Ø§ÛŒ Ø´Øª Ø¨ÛŒØ®ÛŒØ§Ù„ Ù¾Ø³ğŸ˜‚ğŸ˜‚,offensive_general,o o o o,3004586
4587,Ø®Ø±ÙØª Ø´Ø¯ÛŒ ,offensive_general,o o,3004587
4588,Ø¨ÛŒâ€ŒÙ¾Ø¯Ø±,offensive_general,o,3004588
4589,Ú†Ù‡ ØºØ±ÙˆØ¨ Ú©ÛŒØ±ÛŒ Ùˆ Ø¯Ù„Ú¯ÛŒØ±ÛŒ,offensive_general,o o o o o,3004589
4590,Ø¨Ø±Ùˆ Ø§Ø­Ù…Ù‚,offensive_general,o o,3004590
4591,Ù…ÛŒØ®ÙˆØ§ÛŒ Ø®ÙˆØ¯ØªÙˆ ÛŒÙ‡ Ø¬Ù†Ø¯Ù‡â€ŒÛŒ ØªÙ†Ú¯ Ù…Ø¹Ø±ÙÛŒ Ú©Ù†ÛŒ ,offensive_general,o o o o o o o,3004591
4592,Ú©ÙˆÙ†ÛŒ,offensive_general,o,3004592
4593,Ø§Ø±Ù‡ Ø¬ÙˆÙ† Ø¹Ù…Øª Ù…Ù†Ù… Ø¬ÙˆØ§Ø¨ Ø¯Ø§Ø¯Ù…,offensive_general,o o o o o o,3004593
4594,Ø¨Ø±Ùˆ Ø¨Ø§Ø¨Ø§ Ø¯Ø±ÙˆØºÚ¯Ùˆ,offensive_general,o o o,3004594
4595,Ø®ÛŒÙ„ÛŒ Ù…Ø²Ø®Ø±ÙÛŒ,offensive_general,o o,3004595
4596,Ù¾Ø³ Ú¯Ø±Ø¯Ù†ÙŠ Ù…ÛŒâ€ŒØ®ÙˆØ§Ù‡ÛŒ,offensive_general,o o o,3004596
4597,Ø®ÙˆØ¯ÙØ±ÙˆØ´,offensive_general,o,3004597
4598,Ø®ÙÙ‡ Ø´Ùˆ Ø¨ÙŠ Ø¹Ø±Ø¶Ù‡ Ù…Ø±ØªÙŠÙƒÙ‡ Ù†ÙÙ‡Ù…,offensive_general,o o o o o o,3004598
4601,Ù†ÙÙ‡Ù…,offensive_general,o,3004601
4602,Ø®ÙÙ‡ Ø´Ùˆ,offensive_general,o o,3004602
4603,ØªÙˆ Ø®ÙÙ‡,offensive_general,o o,3004603
4604,Ú©ÙŠÙ€Ø±Ù… ØªÙˆ Ú©Ù€Ø³ Ù…Ø§Ø¯Ø± Ø§Ø¯Ù…ÙŠÙ†,offensive_general,o o o o o,3004604
4606,Ø§ÙØºØ§Ù†ÛŒ Ø¯ÛŒÚ¯Ù‡ Ú†ÛŒ Ø¨Ú¯Ù…,offensive_general,o o o o,3004606
4607,Ù…Ù†Ù… Ø¨Ú†Ú¯ÛŒÙ… Ú©ÛŒØ±ÛŒ Ø¨ÙˆØ¯ -_- Ú©ÛŒØ± ØªÙˆØ´,offensive_general,o o o o o o o,3004607
4608,Ù„Ø§Ø³ Ø¨Ø§Ù„ Ù…Ø§Ø³ Ø¨Ø§Ø²ÛŒ Ù…ÛŒÚ©Ù†Ù†,offensive_general,o o o o o,3004608
4609,Ù…Ù…Ù‡ Ù…ÛŒØ¨ÛŒÙ†Ù… ØªÙˆ Ø§ÙˆØ§ØªØ§Ø±!!!,offensive_general,o o o o,3004609
4610,Ø§ÙŠÙ† Ø¯Ù†ÙŠØ§ØŒ Ù†Ù†Ù‡ Ø¨Ø§Ø¨Ø§ Ù†Ø¯Ø§Ø±Ù‡ØŸ Ø¨Ú†Ù‡ Ø§Ø´ Ù‡Ù… Ù…Ø«Ù„ Ø®ÙˆØ¯Ø´ Ø¨ÙŠ ØµØ§Ø­Ø¨ Ù…ÙŠØ´Ù‡,offensive_general,o o o o o o o o o o o o o,3004610
4611,Ø¨Ù„Ø¯ÛŒ Ø¨Ø±ÛŒÙ†ÛŒ Ø¨Ù‡ Ø§ÙŠÙ† Ù„Ø§Ø´ÙŠ Ù‡Ø§,offensive_general,o o o o o o,3004611
4612,Ø¨Ù‡ Ø¯Ø±Ú©,offensive_general,o o,3004612
4613,Ù‡ÙŠÚ† ØºÙ„ØªÙŠ Ù†Ù…ÙŠ ØªÙˆØ§Ù†ÛŒ Ø¨Ú©Ù†ÛŒ,offensive_general,o o o o o,3004613
4614,Ø¢Ø®Ù‡ Ø¨ÛŒØ´Ø±Ù ØªÙˆ Ù…Ú¯Ù‡ Ú©Ø§Ø± Ùˆ Ø²Ù†Ø¯Ú¯ÛŒ Ù†Ø¯Ø§Ø±ÛŒ,offensive_general,o o o o o o o o,3004614
4615,Ø¯ÛŒÙˆØ«,offensive_general,o,3004615
4616,Ø®ÛŒÙ„ÛŒ ØªØ®Ù…ÙŠ Ù‡Ø³ØªÛŒ,offensive_general,o o o,3004616
4617,Ø­ÙŠÙ Ø¨Ù‡ Ù…Ù‚Ø§Ù… Ø¨ÙŠØ§Ø±ÙŠ Ø¢Ø®Ù‡ Ø¨ÙŠÚ†Ø§Ø±Ù‡ Ù¾Ø³ Ú©ÙŠ Ù…Ù…Ù„Ú©ØªÙˆâ€Œ Ú†Ù¾Ø§ÙˆÙ„ Ú©Ù†Ù‡,offensive_general,o o o o o o o o o o o,3004617
4618,Ú†Ù‡ Ú©ÙˆÙ† Ø³ÙÛŒØ¯ÛŒ Ø¯Ø§Ø±ÛŒ Ø¬Ù†Ø§Ø¨ Ú¯ÙˆØ§Ø±Ø¯ÛŒÙˆÙ„Ø§,offensive_general,o o o o o o,3004618
4619,Ø§Ø²Ú¯Ù„,offensive_general,o,3004619
4620,Ú©ØµÚ©Ø´ Ø­Ø±Ø§Ù… Ø²Ø§Ø¯Ù‡,offensive_general,o o o,3004620
4622,Ú©Ø³Ú©Ø´,offensive_general,o,3004622
4624,Ú©ÛŒØ±ÛŒ,offensive_general,o,3004624
4626,Ù†Ø¬Ø³,offensive_general,o,3004626
4640,Ú©ÙˆØ³Ú©Ø´,offensive_general,o,3004640
4647,Ø§Ø­Ù…Ù‚,offensive_general,o,3004647
4650,Ú©ÛŒØ±,offensive_general,o,3004650
4658,Ù¾ÙÛŒÙˆØ²,offensive_general,o,3004658
4660,Ø¯Ø²Ø¯,offensive_general,o,3004660
4662,Ø§Ù„Ø§Øº,offensive_general,o,3004662
4663,Ø®Ø§Ú© ØªÙˆ Ø³Ø±Øª,offensive_general,o o o,3004663
4667,Ø±ÛŒØ¯Ù…,offensive_general,o,3004667
4670,Ø¬Ù†Ø¯Ù‡,offensive_general,o,3004670
4675,Ú©ÛŒØ±,offensive_general,o,3004675
4679,ÙØ§Ú©,offensive_general,o,3004679
4684,Ø²Ù† Ø¬Ù†Ø¯Ù‡,offensive_general,o o,3004684
4685,Ù¾ÙÛŒÙˆØ²,offensive_general,o,3004685
4715,Ú©ÙˆÙ†,offensive_general,o,3004715
4718,Ø§Ø´ØºØ§Ù„,offensive_general,o,3004718
4720,Ø®Ø± ,offensive_general,o,3004720
4724,Ø§Ø³Ú©Ù„,offensive_general,o,3004724
4726,Ù…Ø±ØªÛŒÚ©Ù‡ ,offensive_general,o,3004726
4728,Ú©ÛŒØ±ÛŒ,offensive_general,o,3004728
4730,Ù¾Ø´Ù…Ø§Ù…,offensive_general,o,3004730
4731,Ú©ØµÙ„ÛŒØ³,offensive_general,o,3004731
4734,Ø§Ø³Ú©Ù„,offensive_general,o,3004734
4735,Ø¨Ø±Ùˆ Ú¯Ù…Ø´Ùˆ,offensive_general,o o,3004735
4741,Ú©ØµÚ©Ø´,offensive_general,o,3004741
4744,Ø¨Ù‡ Ú©ÛŒØ±Ù…,offensive_general,o o,3004744
4745,Ú©ÙˆÙ†,offensive_general,o,3004745
4753,Ø¹Ù†ØªØ± ,offensive_general,o,3004753
4757,Ú¯ÙˆÙ‡ ,offensive_general,o,3004757
4767,Ø¯ÛŒÙˆØ³,offensive_general,o,3004767
4782,Ú©ÛŒØ±,offensive_general,o,3004782
4787,Ù¾ÛŒØ±Ø³Ú¯,offensive_general,o,3004787
4788,Ú¯Ø§ÛŒÛŒØ¯Ù…Ø´,offensive_general,o,3004788
4794,Ú©ÛŒØ±Ù…,offensive_general,o,3004794
4801,Ø¬Ù†Ø¯Ù‡,offensive_general,o,3004801
4802,Ú©ÛŒØ±ÛŒ,offensive_general,o,3004802
4806,Ø¯ÙŠÙˆØ«,offensive_general,o,3004806
4810,Ø¯Ù‡Ù†ØªÙˆ Ø¨Ø¨Ù†Ø¯,offensive_general,o o,3004810
4812,Ú©ÙˆÙ† Ú©Ø´,offensive_general,o o,3004812
4818,Ø®Ø§Ú© Ø¨Ø± Ø³Ø±ØªÙˆÙ†,offensive_general,o o o,3004818
4821,Ø±ÛŒØ¯Ù…,offensive_general,o,3004821
4822,Ø¨Ù‡ ØªÙˆ Ú†Ù‡,offensive_general,o o o,3004822
4825,Ø¬Ù†Ø¯Ù‡,offensive_general,o,3004825
4828,Ú©ÛŒØ± ØªÙˆ Ø¯Ù‡Ù†Øª,offensive_general,o o o,3004828
4830,Ø®Ø§Ú© ØªÙˆ Ø³Ø±Øª,offensive_general,o o o,3004830
4834,Ø¢Ø´ØºØ§Ù„,offensive_general,o,3004834
4843,Ø±ÛŒØ¯Ù…,offensive_general,o,3004843
4848,Ø¨ÛŒÙ†Ø§Ù…ÙˆØ³,offensive_general,o,3004848
4849,ÙˆØ·Ù† ÙØ±ÙˆØ´,offensive_general,o o,3004849
4850,Ù…Ø§Ø¯Ø± Ø¬Ù†Ø¯Ù‡,offensive_general,o o,3004850
4858,Ø±ÛŒØ¯Ù…,offensive_general,o,3004858
4859,Ø±ÛŒØ¯Ù… ØªÙˆ Ø±ÙˆØ­Øª,offensive_general,o o o,3004859
4861,Ú¯Ù‡,offensive_general,o,3004861
4862,Ú¯ÙˆØ²Ùˆ,offensive_general,o,3004862
4864,Ø§Ø­Ù…Ù‚,offensive_general,o,3004864
4866,Ø¬Ø§Ú©Ø´,offensive_general,o,3004866
4872,Ú¯Ø§ÛŒÛŒØ¯ÛŒ,offensive_general,o,3004872
4873,Ú©ÛŒØ±,offensive_general,o,3004873
4874,Ø¯Ù‡Ù†ØªÙˆ Ø¨Ø¨Ù†Ø¯,offensive_general,o o,3004874
4875,Ø¨Ø¯Ø¨Ø®Øª,offensive_general,o,3004875
4879, Ø§Ø­Ù…Ù‚,offensive_general,o,3004879
4880,Ú©Ø³ Ú©Ø´,offensive_general,o o,3004880
4882,Ø¯Ø²Ø¯,offensive_general,o,3004882
4888,Ú©ÙˆÙ†,offensive_general,o,3004888
4895,Ø¹Ù†,offensive_general,o,3004895
4897,Ø®Ø§Ú© ØªÙˆ Ø³Ø±,offensive_general,o o o,3004897
4898,Ú©ÛŒØ±,offensive_general,o,3004898
4900,Ø­Ø±ÙˆÙ… Ø²Ø§Ø¯Ù‡,offensive_general,o o,3004900
4902,Ø±ÛŒØ¯Ù…,offensive_general,o,3004902
4903,Ø¨Ø¯Ø¨Ø®Øª,offensive_general,o,3004903
4909,Ú©ÛŒØ±ÛŒ,offensive_general,o,3004909
4911,Ú†Ù„ØºÙˆØ²,offensive_general,o,3004911
4918,ÙˆØ·Ù† ÙØ±ÙˆØ´,offensive_general,o o,3004918
4919,Ú¯ÙˆÙ‡,offensive_general,o,3004919
4924,Ø­Ø±Ø§Ù… Ø²Ø§Ø¯Ù‡,offensive_general,o o,3004924
4927,Ø¯ÛŒÙˆØ³,offensive_general,o,3004927
4929,Ø³Ú¯,offensive_general,o,3004929
4932,Ø­Ø±ÙˆÙ…Ø²Ø§Ø¯Ù‡,offensive_general,o,3004932
4933,Ø¹Ù†ØªØ±,offensive_general,o,3004933
4949,Ú©ÙˆÙ† Ù†Ø´ÙˆØ±,offensive_general,o o,3004949
4951,Ø¬Ù†Ø¯Ù‡,offensive_general,o,3004951
4964,Ø²Ù† Ø¬Ù†Ø¯Ù‡,offensive_general,o o,3004964
4971,Ù¾Ø´Ù…Ø§Ù…,offensive_general,o,3004971
4972,Ú¯Ù…Ø´Ùˆ,offensive_general,o,3004972
4973,Ø¹ÙˆØ¶ÛŒ,offensive_general,o,3004973
4976,Ø¨ÛŒ Ù†Ø§Ù…ÙˆØ³,offensive_general,o o,3004976
4977,Ú©ÛŒØ±ÛŒ,offensive_general,o,3004977
4985,Ø§Ø­Ù…Ù‚,offensive_general,o,3004985
4992,Ú©Ú†Ù„,offensive_general,o,3004992
5001,Ø±ÛŒØ¯ÛŒ Ø¨Ø§Ø¨Ø§,offensive_general,o o,3005001
5002,Ø±ÛŒØ¯ÛŒ,offensive_general,o,3005002
5005,Ø¬Ù†Ø¯Ù‡,offensive_general,o,3005005
5018,Ø­Ø§Ù„ Ø¨Ù‡Ù… Ø²Ù†,offensive_general,o o o,3005018
5021,Ø¹Ù†,offensive_general,o,3005021
5024,Ø¯ÛŒÙˆØ³,offensive_general,o,3005024
5029,Ú©ÙˆÙ†,offensive_general,o,3005029
5031,Ù¾Ø´Ú©Ù„,offensive_general,o,3005031
5054,ÙØ§Ú©,offensive_general,o,3005054
5055,Ú©ÛŒØ±,offensive_general,o,3005055
5058,Ø´Ø§Ø´,offensive_general,o,3005058
5060,Ø­Ø§Ù„ Ø¨Ù‡Ù… Ø²Ù†,offensive_general,o o o,3005060
5064,Ú©ÛŒØ±,offensive_general,o,3005064
5065,Ú©ÙˆÙ†,offensive_general,o,3005065
5077,Ø¬Ø§Ú©Ø´,offensive_general,o,3005077
5079,Ø¨ÙŠ ØºÙŠØ±Øª,offensive_general,o o,3005079
5081,Ø¯Ø±ÙˆØºÚ¯Ùˆ,offensive_general,o,3005081
5082,Ø¨Ú¯Ø§ÛŒÛŒ,offensive_general,o,3005082
5083,Ø¨Ù‡ Ú©ÛŒØ±Ù…,offensive_general,o o,3005083
5086,Ú©ÛŒØ±ÛŒ,offensive_general,o,3005086
5094,Ú¯ÙˆØ²,offensive_general,o,3005094
5103,Ú©Ø³Ø´Ø±,offensive_general,o,3005103
5108,Ø¹Ù†,offensive_general,o,3005108
5109,Ú©ÛŒØ±,offensive_general,o,3005109
5111,Ù‡Ø±Ø²Ù‡,offensive_general,o,3005111
5113,Ú©ÛŒØ±,offensive_general,o,3005113
5115,Ø®Ø¯Ø§ Ø§Ø²Øª Ù†Ú¯Ø°Ø±Ù‡,offensive_general,o o o,3005115
5119,Ø¹Ù†,offensive_general,o,3005119
5120,Ø±ÛŒØ¯ÛŒ,offensive_general,o,3005120
5123,Ú©ÛŒØ±ÛŒ,offensive_general,o,3005123
5125,Ù¾Ø´Ù…Ø§Ù…,offensive_general,o,3005125
5128,Ú©ÛŒØ±Ù…,offensive_general,o,3005128
5130,Ú©ÛŒØ±Ù…,offensive_general,o,3005130
5134,Ø­Ø±ÙˆÙ…Ø²Ø§Ø¯Ù‡,offensive_general,o,3005134
5140,ØªÙ†Ø¨Ù„,offensive_general,o,3005140
5141,Ø¨ÛŒØ´Ø¹ÙˆØ±,offensive_general,o,3005141
5143,Ø¬Ù†Ø¯Ù‡,offensive_general,o,3005143
5144,Ú©ÛŒØ±ÛŒ,offensive_general,o,3005144
5146,Ù…Ø³Ø®Ø±Ù‡,offensive_general,o,3005146
5147,Ú©ÙˆÙ† Ù…ÛŒØ¯ÛŒ,offensive_general,o o,3005147
5148,Ú¯Ø¯Ø§,offensive_general,o,3005148
5150,Ø±ÙŠØ¯Ù…,offensive_general,o,3005150
5151,Ú©Ø³Ú©Ø´,offensive_general,o,3005151
5152,Ø¯Ø±ÙˆØº Ú¯Ùˆ,offensive_general,o o,3005152
5153,Ø§Ù„Ø§Øº,offensive_general,o,3005153
5155,Ù„Ø§Ø³,offensive_general,o,3005155
5165,Ø¬Ù†Ø¯Ù‡,offensive_general,o,3005165
5166,Ø¬Ù†Ø¯Ù‡,offensive_general,o,3005166
5167,Ú©Ø«Ø§ÙØª,offensive_general,o,3005167
5168,Ú©Ø³Ø´Ø±,offensive_general,o,3005168
5172,Ø³Ú©Ø³,offensive_general,o,3005172
5178,Ø¹Ù†,offensive_general,o,3005178
5181,Ù¾Ø§Ú†Ù‡ Ø®ÙˆØ§Ø±ÙŠ,offensive_general,o o,3005181
5184,Ú©ÛŒØ±,offensive_general,o,3005184
5185,Ú©ÙˆÙ†,offensive_general,o,3005185
5186,Ø±ÙŠØ¯Ù…,offensive_general,o,3005186
5193,Ù…Ø§Ø±Ù…ÙˆÙ„Ú©,offensive_general,o,3005193
5194,Ú©ÛŒØ±,offensive_general,o,3005194
5196,Ø®ÙÙ‡ Ø´Ùˆ,offensive_general,o o,3005196
5197,Ø§Ù…Ù„,offensive_general,o,3005197
5199,Ø³Ú¯,offensive_general,o,3005199
5200,Ù…Ø±Ø¯Ú©,offensive_general,o,3005200
5201,Ù„Ø¹Ù†Øª Ø¨Ù‡Øª,offensive_general,o o,3005201
5208,Ø§Ø³Ú©Ù„,offensive_general,o,3005208
5209,ÙØ§Ø³Ø¯,offensive_general,o,3005209
5212,Ø¹Ù‚Ø¯Ù‡ Ø§ÛŒ,offensive_general,o o,3005212
5213,Ú¯ÙˆÙ‡,offensive_general,o,3005213
5215,Ø¨Ú¯Ø§ÛŒÛŒ,offensive_general,o,3005215
5216,Ø±ÛŒØ¯Ù†,offensive_general,o,3005216
5220,Ø±ÛŒØ¯Ù…,offensive_general,o,3005220
5221,Ø®Ø§Ú© ØªÙˆ Ø³Ø±Øª,offensive_general,o o o,3005221
5222,Ù…Ø±ØªÛŒÚ©Ù‡,offensive_general,o,3005222
5223,Ø¹ÙˆØ¶ÛŒ,offensive_general,o,3005223
5226,Ø¯Ø²Ø¯ÛŒ,offensive_general,o,3005226
5233,Ú©ÛŒØ±,offensive_general,o,3005233
5234,Ø§Ø­Ù…Ù‚,offensive_general,o,3005234
5235,Ø¯ÛŒÙˆÙˆÙ†Ù‡,offensive_general,o,3005235
5237,Ø¨ÛŒÙ†Ø§Ù…ÙˆØ³,offensive_general,o,3005237
5240,Ø¹Ù†,offensive_general,o,3005240
5241,Ú¯Ù…Ø´Ùˆ,offensive_general,o,3005241
5242,Ø­Ø±ÙˆÙ…Ø²Ø§Ø¯Ù‡,offensive_general,o,3005242
5243,Ø¨ÙŠ Ø´Ø±Ù,offensive_general,o o,3005243
5244,Ø¨ÙŠ Ù†Ø§Ù…ÙˆØ³,offensive_general,o o,3005244
5248,Ú©ÛŒØ±Ù…,offensive_general,o,3005248
5249,Ú©ÙˆØ³,offensive_general,o,3005249
5250,Ú©ÛŒØ±Ù…,offensive_general,o,3005250
5251,Ú¯Ù… Ø´Ùˆ,offensive_general,o o,3005251
5252,Ø±ÛŒØ¯Ù…,offensive_general,o,3005252
5254,Ø¯Ø±ÙˆØºÚ¯Ùˆ,offensive_general,o,3005254
5255,Ù„Ø¹Ù†Øª,offensive_general,o,3005255
5256,Ø¬Ø§Ú©Ø´,offensive_general,o,3005256
5257,Ø¬Ù†Ø¯Ù‡,offensive_general,o,3005257
5259,Ú©ÙˆÙ†,offensive_general,o,3005259
5260,Ú©ÛŒØ±ÛŒ,offensive_general,o,3005260
5263,Ù„Ø§Ø³,offensive_general,o,3005263
5264,Ù„Ø§Ø³ Ù…ÛŒØ²Ù†ÛŒ,offensive_general,o o,3005264
5268,Ø¹Ù†,offensive_general,o,3005268
5269,Ø´ÙˆØ±Øª,offensive_general,o,3005269
5271,Ú©ÙŠØ±,offensive_general,o,3005271
5273,Ù¾ÙÙŠÙˆØ²,offensive_general,o,3005273
5275,Ø¨ÙŠ Ù†Ø§Ù…ÙˆØ³,offensive_general,o o,3005275
5276,Ø®ÙÙ‡,offensive_general,o,3005276
5282,Ø¨ÛŒØ´Ø±Ù,offensive_general,o,3005282
5286,Ú©ÛŒØ±ÛŒ,offensive_general,o,3005286
5287,Ø¬Ù†Ø¯Ù‡,offensive_general,o,3005287
5288,Ù„Ø§Ø´ÛŒ,offensive_general,o,3005288
5290,Ø­Ø§Ù„ Ø¨Ù‡Ù… Ø²Ù†,offensive_general,o o o,3005290
5293,Ú¯ÙˆÙ‡,offensive_general,o,3005293
5294,Ú¯ÙˆÙ‡ Ù…ÛŒØ®ÙˆØ±ÛŒ,offensive_general,o o,3005294
5299,Ú©ÙˆÙ†Ø´,offensive_general,o,3005299
5304,ÙØ§Ú©,offensive_general,o,3005304
5306,Ø¨Ø¯Ø¨Ø®Øª,offensive_general,o,3005306
5307,Ù¾Ø³Øª,offensive_general,o,3005307
5310,Ù¾Ø´Ù…Ø§Ù…,offensive_general,o,3005310
5311,Ú©ÙˆÙ†Ø´,offensive_general,o,3005311
5314,Ø®Ø¬Ø§Ù„Øª Ø¨Ú©Ø´,offensive_general,o o,3005314
5317,ÙØ§Ú©,offensive_general,o,3005317
5318,Ú¯Ø§ÛŒÛŒØ¯Ù…,offensive_general,o,3005318
5321,Ú¯Ù‡,offensive_general,o,3005321
5325,Ù¾Ù„Ø´Øª,offensive_general,o,3005325
5327,Ú¯Ù‡,offensive_general,o,3005327
5329,Ø¨ÙŠ Ø´Ø±Ù,offensive_general,o o,3005329
5333,Ø¨Ø¯Ø¨Ø®Øª,offensive_general,o,3005333
5335,Ø§Ø­Ù…Ù‚,offensive_general,o,3005335
5337,Ø¨ÛŒØ´Ø±Ù,offensive_general,o,3005337
5338,Ú©ÛŒØ±,offensive_general,o,3005338
5339,Ø®ÙÙ‡ Ø´Ùˆ,offensive_general,o o,3005339
5340,Ø¹Ù†ØªØ±,offensive_general,o,3005340
5341,ÙØ§Ú©,offensive_general,o,3005341
5342,Ø§Ù„Ú©Ø³ÙŠØ³,offensive_general,o,3005342
5346,Ø¨Ù‡ Ø¯Ø±Ú©,offensive_general,o o,3005346
5350,Ø¯Ø²Ø¯,offensive_general,o,3005350
5352,Ú©ÛŒØ±,offensive_general,o,3005352
5354,Ú©ÛŒØ±ÛŒ,offensive_general,o,3005354
5355,Ù…Ø§Ø¯Ø±Ø¬Ù†Ø¯Ù‡,offensive_general,o,3005355
5359,ÙØ§Ú©,offensive_general,o,3005359
5360,ÙØ§Ú© ÛŒÙˆ,offensive_general,o o,3005360
5361,Ù…Ø±ØªÙŠÚ©Ù‡,offensive_general,o,3005361
5365,Ú©ÙˆÙ†,offensive_general,o,3005365
5366,Ú†Ù†Ø¯Ø´,offensive_general,o,3005366
5367,Ú©ÛŒØ±ÛŒ,offensive_general,o,3005367
5368,Ú©Ø³Ú©Ø´,offensive_general,o,3005368
5369,Ø¬Ù†Ø¯Ù‡,offensive_general,o,3005369
5370,Ú©ÛŒØ±Ù…,offensive_general,o,3005370
5371,Ø¨Ø¯Ø¨Ø®Øª,offensive_general,o,3005371
5374,Ú©ÛŒØ±Ù…,offensive_general,o,3005374
5375,Ø±ÛŒØ¯ÛŒ,offensive_general,o,3005375
5377,Ø±ÛŒØ¯Ù…,offensive_general,o,3005377
5378,Ø±ÙŠØ¯Ù…,offensive_general,o,3005378
5380,Ø­Ø±ÙˆÙ…Ø²Ø§Ø¯Ù‡,offensive_general,o,3005380
5381,Ù„Ø¹Ù†Øª,offensive_general,o,3005381
5385,Ø¹Ù†ØªØ±,offensive_general,o,3005385
5386,Ø­Ø³ÙˆØ¯,offensive_general,o,3005386
5387,Ø±ÛŒØ¯Ù…,offensive_general,o,3005387
5388,Ú©ÙˆÙ†,offensive_general,o,3005388
5393,Ø­Ø±ÙˆÙ…Ø²Ø§Ø¯Ù‡,offensive_general,o,3005393
5394,Ø¨ÛŒÙ†Ø§Ù…ÙˆØ³,offensive_general,o,3005394
5397,Ø®Ø±,offensive_general,o,3005397
5398,Ø®Ø±ÛŒ,offensive_general,o,3005398
5399,Ú©ÛŒØ±ÛŒ,offensive_general,o,3005399
5401,Ø´Øª,offensive_general,o,3005401
5402,Ù¾ÙÛŒÙˆØ²ÛŒ,offensive_general,o,3005402
5403,Ø¨ÛŒØ´Ø±Ù,offensive_general,o,3005403
5404,Ø´Ø§Ø´,offensive_general,o,3005404
5407,Ú©ÙˆÙ†,offensive_general,o,3005407
5410,Ú©Ø±Ù‡ Ø®Ø±,offensive_general,o o,3005410
5413,Ø¹Ù†,offensive_general,o,3005413
5414,Ú©ÛŒØ±ÛŒÙ‡,offensive_general,o,3005414
5415,Ú©Ø³ Ú©Ø´,offensive_general,o o,3005415
5418,Ø¯Ø±ÙˆØº Ú¯Ùˆ,offensive_general,o o,3005418
5421,Ú©ÙˆÙ†Ø´,offensive_general,o,3005421
5422,Ø®Ø§ÛŒÙ‡,offensive_general,o,3005422
5423,Ù„Ø¹Ù†Øª,offensive_general,o,3005423
5424,Ú©ÙˆÙ†,offensive_general,o,3005424
5425,Ú¯Ø§ÛŒÛŒØ¯Ù…,offensive_general,o,3005425
5426,Ø­Ø±ÙˆÙ…Ø²Ø§Ø¯Ù‡,offensive_general,o,3005426
5427,Ú©Ø³,offensive_general,o,3005427
5431,Ø´Øª,offensive_general,o,3005431
5432,Ù„Ø¹Ù†ØªÛŒ,offensive_general,o,3005432
5433,Ú¯Ù…Ø´Ùˆ,offensive_general,o,3005433
5434,Ø§Ø³Ú©Ù„,offensive_general,o,3005434
5435,Ø³ÛŒÚ©ØªÛŒØ±,offensive_general,o,3005435
5436,Ø§Ø­Ù…Ù‚,offensive_general,o,3005436
5438,Ø§Ø­Ù…Ù‚Ø§,offensive_general,o,3005438
5440,Ø¬Ù†Ø¯Ù‡,offensive_general,o,3005440
5442,Ú¯ÙˆÙ‡,offensive_general,o,3005442
5446,Ø§Ù„Ú©Ø³ÙŠØ³,offensive_general,o,3005446
5449,Ù„Ø¹Ù†Øª,offensive_general,o,3005449
5452,Ú©ÙˆÙ†ÙŠ,offensive_general,o,3005452
5453,Ú©Ø³,offensive_general,o,3005453
5456,Ú©ÙŠØ±,offensive_general,o,3005456
5457,Ú©ÙˆÙ†,offensive_general,o,3005457
5458,Ú©Øµ,offensive_general,o,3005458
5463,Ø­Ø±Ø§Ù…Ø²Ø§Ø¯Ù‡,offensive_general,o,3005463
5464,Ú©Ø³Ú©Ø´,offensive_general,o,3005464
5466,Ú¯Ø§ÛŒÛŒØ¯Ù…,offensive_general,o,3005466
5469,Ø¨ÙŠØ´Ø±Ù,offensive_general,o,3005469
5470,Ø¯Ø²Ø¯,offensive_general,o,3005470
5471,Ú¯ÙˆÙ‡,offensive_general,o,3005471
5472,Ø¯Ø²Ø¯,offensive_general,o,3005472
5473,Ø³Ú¯,offensive_general,o,3005473
5476,Ù¾Ø´Ù…Ø§Ù…,offensive_general,o,3005476
5479,Ø®Ø§Ø¦Ù†,offensive_general,o,3005479
5482,Ú¯ÙˆÙ‡,offensive_general,o,3005482
5485,Ø®Ø§Ø¦Ù†,offensive_general,o,3005485
5488,Ø¬Ø§Ú©Ø´ÛŒ,offensive_general,o,3005488
5490,Ú©ÙˆÙ†,offensive_general,o,3005490
5492,ØªØ±Ø³Ùˆ,offensive_general,o,3005492
5495,Ú©ÛŒØ±Ù…,offensive_general,o,3005495
5498,Ú¯Ø§ÛŒÛŒØ¯Ù…,offensive_general,o,3005498
5499,Ø§Ù„Ú©Ø³ÙŠØ³,offensive_general,o,3005499
5505,Ø¨Ú¯Ø§Ù…,offensive_general,o,3005505
5507,Ú©ÙˆÙ†,offensive_general,o,3005507
5509,Ú©ÛŒØ±ÛŒÙ‡,offensive_general,o,3005509
5514,Ù†Ø§Ø¯Ø§Ù†,offensive_general,o,3005514
5516,Ù…Ù†Ø§ÙÙ‚,offensive_general,o,3005516
5526,Ú©ÛŒØ±ÛŒÙ‡,offensive_general,o,3005526
5529,Ù…ÙØª Ø®ÙˆØ±,offensive_general,o o,3005529
5535,Ú©ÛŒØ±,offensive_general,o,3005535
5537,Ø²Ø§Ø±Øª,offensive_general,o,3005537
5538,Ù†Ø¬Ø³,offensive_general,o,3005538
5539,Ø®ÙˆÚ©,offensive_general,o,3005539
5541,Ø®Ø§ÛŒÙ‡ Ù…Ø§Ù„ÛŒ,offensive_general,o o,3005541
5543,Ø§Ù†,offensive_general,o,3005543
5548,Ø¨ÛŒØ´Ø±Ù,offensive_general,o,3005548
5549,Ø­Ø±ÙˆÙ… Ø²Ø§Ø¯Ù‡,offensive_general,o o,3005549
5551,Ú©ÙˆÙ†,offensive_general,o,3005551
5553,Ø¨Ú¯Ø§,offensive_general,o,3005553
5554,Ú©ÙˆÙ†ÙŠ,offensive_general,o,3005554
5557,Ú©ÛŒØ±ÛŒÙ‡,offensive_general,o,3005557
5569,Ø¬Ø§Ù‡Ù„,offensive_general,o,3005569
5575,Ù¾Ø¯Ø± Ø³Ú¯,offensive_general,o o,3005575
5577,Ø¹Ù†ØªØ±,offensive_general,o,3005577
5579,Ù„Ø¹Ù†Øª,offensive_general,o,3005579
5580,Ø®Ø§Ø¦Ù†,offensive_general,o,3005580
5582,Ù…ÙØª Ø®ÙˆØ±,offensive_general,o o,3005582
5588,Ù…Ø²Ø¯ÙˆØ±,offensive_general,o,3005588
5589,Ú©ÛŒØ±,offensive_general,o,3005589
5591,Ú©Ø±Ù‡ Ø®Ø±,offensive_general,o o,3005591
5593,Ø®Ø¯Ø§ Ù„Ø¹Ù†ØªØªÙˆÙ† Ú©Ù†Ù‡,offensive_general,o o o,3005593
5595,Ø§Ø­Ù…Ù‚,offensive_general,o,3005595
5601,Ù„Ø¹Ù†Øª,offensive_general,o,3005601
5605,Ø¯ÙŠÙˆØ«,offensive_general,o,3005605
5610,Ø®Ø§ÛŒÙ‡ Ù…Ø§Ù„ÛŒ,offensive_general,o o,3005610
5611,Ú†Ø±Øª Ù†Ú¯Ùˆ,offensive_general,o o,3005611
5619,Ú©ÙˆÙ†,offensive_general,o,3005619
5622,Ø¬Ù†Ø¯Ù‡,offensive_general,o,3005622
5623,Ø®Ø§ÛŒÙ‡ Ù…Ø§Ù„,offensive_general,o o,3005623
5626,Ø´Øª,offensive_general,o,3005626
5630,Ø§Ø³Ú©Ù„,offensive_general,o,3005630
5635,Ø±ÛŒØ¯Ù…,offensive_general,o,3005635
5638,Ù¾Ø´Ù…Ø§Ù…,offensive_general,o,3005638
5641,Ø¨ÙŠØ´Ø±Ù,offensive_general,o,3005641
5642,Ø¨ÙŠ Ù†Ø§Ù…ÙˆØ³,offensive_general,o o,3005642
5644,Ú©ÙˆÙ†,offensive_general,o,3005644
5645,ÙØ§Ú©,offensive_general,o,3005645
5647,Ú©ÛŒØ±ÛŒ,offensive_general,o,3005647
5648,Ú©ÙˆÙ†,offensive_general,o,3005648
5650,Ø¨Ø±Ùˆ Ø¨Ø¯Ù‡,offensive_general,o o,3005650
5655,Ù„Ø¹Ù†Øª,offensive_general,o,3005655
5667,Ù¾Ø´Ù…Ø§Ù…,offensive_general,o,3005667
5669,Ø®Ø§Ø¦Ù†,offensive_general,o,3005669
5670,Ø¢Ø´ØºØ§Ù„,offensive_general,o,3005670
5677,Ø¹Ù†,offensive_general,o,3005677
5679,Ú¯Ù†Ø¯ Ø²Ø¯ÛŒ,offensive_general,o o,3005679
5693,Ú©ÙˆÙ†,offensive_general,o,3005693
5698,Ø¬Ø§Ø³ÙˆØ³,offensive_general,o,3005698
5709,Ø®Ø§ÙŠÙ‡,offensive_general,o,3005709
5710,ÙØ­Ø´,offensive_general,o,3005710
5712,Ú©ÙˆÙ† Ø¯Ø§Ø¯Ù†,offensive_general,o o,3005712
5716,Ø¨ÙŠâ€ŒØ´Ø¹ÙˆØ±,offensive_general,o,3005716
5722,Ù…Ø³Ø®Ø±Ù‡,offensive_general,o,3005722
5781,Ø®Ø±,offensive_general,o,3005781
5787,Ø§Ø´ØºØ§Ù„,offensive_general,o,3005787
5803,Ø§Ù„Ø§Øº,offensive_general,o,3005803
5809,Ø¨Ø¯Ø¨Ø®Øª,offensive_general,o,3005809
5826,Ø¨Ú¯Ø§ÛŒÛŒ,offensive_general,o,3005826
5827,Ù¾Ø´Ù…Ø§Ù…,offensive_general,o,3005827
5836,Ù„Ø¹Ù†Øª,offensive_general,o,3005836
5843,Ú©Ø«ÛŒÙ,offensive_general,o,3005843
5845,Ø®Ø§ÛŒÙ‡ Ù†Ø¯Ø§Ø±ÛŒ,offensive_general,o o,3005845
5847,Ú¯Ø§ÛŒÛŒØ¯ÛŒ Ø®ÙˆØ¯ØªÙˆ,offensive_general,o o,3005847
5851,Ù„Ø§Ø´ÛŒ,offensive_general,o,3005851
5852,Ø¨Ú†Ù‡ Ú©ÙˆÙ†ÛŒ,offensive_general,o o,3005852
5863,Ú©Ø³ Ù†Ù†Øª,offensive_general,o o,3005863
5864,Ú©Øµ Ú©Ø´,offensive_general,o o,3005864
5874,Ú©Ø³Ú©Ø´,offensive_general,o,3005874
5875,Ú©ÙˆÙ†Øª Ù…ÛŒØ³ÙˆØ²Ù‡,offensive_general,o o,3005875
5893,Ø§Ù†Ú¯Ù„ ,offensive_general,o,3005893
5896,Ù¾Ø¯Ø±Ø³Ú¯,offensive_general,o,3005896
5898,Ù¾Ù„Ø´Øª,offensive_general,o,3005898
5916,Ú†Ø§Ù‚Ø§Ù„,offensive_general,o,3005916
5919,Ú©ÙˆØ³Ú©Ø´,offensive_general,o,3005919
5923,Ø¯ÛŒÙˆØ« ,offensive_general,o,3005923
5929,Ø²Ù†Ø§Ø²Ø§Ø¯Ù‡,offensive_general,o,3005929
5936,Ú©ÛŒØ±ÛŒ,offensive_general,o,3005936
5946,Ù†Ø¬Ø³ Ø²Ø§Ø¯Ù‡,offensive_general,o o,3005946
5947,Ø²Ù†Ø§ Ø²Ø§Ø¯Ù‡,offensive_general,o o,3005947
5973,Ù…Ø§Ø¯Ø± Ø¬Ù†Ø¯Ù‡,offensive_general,o o,3005973
5978,ØªÙˆ Ù†Ø§Ù…ÙˆØ³Øª,offensive_general,o o,3005978
5984,Ø¯Ø±ÙˆØºÚ¯Ùˆ,offensive_general,o,3005984
6006,Ú©Ø«Ø§ÙØª,offensive_general,o,3006006
6024,Ø§Ù†Ú¯Ù„ Ø²Ø§Ø¯Ù‡ ,offensive_general,o o,3006024
6038,Ø®Ø§ÛŒÙ‡ Ù…Ø§Ù„,offensive_general,o o,3006038
6041,Ú©ÛŒØ±,offensive_general,o,3006041
6053,Ø¨ÛŒ Ø¹Ø±Ø¶Ù‡,offensive_general,o o,3006053
6054,Ú©ÛŒØ±ÛŒ,offensive_general,o,3006054
6056,Ú©Ø³Ø®Ù„,offensive_general,o,3006056
6057,Ø¨ÛŒØ´Ø¹ÙˆØ±,offensive_general,o,3006057
6061,Ø´ÙˆÙ…Ø¨ÙˆÙ„ Ø¯ÙˆØ³Øª,offensive_general,o o,3006061
6069,Ø´Ø§Ø´,offensive_general,o,3006069
6072,Ø§Ù„Ø¯Ù†Ú¯,offensive_general,o,3006072
6092,Ú†Ù‡ Ø²Ø´ØªÛŒ,offensive_general,o o,3006092
6095,Ú†Ø§Ù‚Ø§Ù„,offensive_general,o,3006095
6096,Ú©Ø«ÛŒÙ,offensive_general,o,3006096
6103,Ú©Ø³ Ú©Ø´ ,offensive_general,o o,3006103
6104,Ù†Ø±Ù‡ Ø®Ø±,offensive_general,o o,3006104
6105,Ø®Ø±,offensive_general,o,3006105
6131,Ø®Ø¬Ø§Ù„Øª Ø¨Ú©Ø´,offensive_general,o o,3006131
6134,Ø³ÛŒÚ©ØªÛŒØ±,offensive_general,o,3006134
6137,Ø§Ù†Ú¯Ù„,offensive_general,o,3006137
6138,ØªØ®Ù…ÛŒ,offensive_general,o,3006138
6140,ÙØ§Ø­Ø´Ù‡,offensive_general,o,3006140
6152,ØªÙˆ Ú¯ÙˆÙ‡ Ù†Ø®ÙˆØ±,offensive_general,o o o,3006152
6156,Ú©ÙˆÙ†Øª Ù…ÛŒØ³ÙˆØ²Ù‡,offensive_general,o o,3006156
6168,Ú©ÙˆÙ†Øª Ù…ÛŒØ²Ø§Ø±Ù…,offensive_general,o o,3006168
6177,Ø®Ø§ÛŒÙ‡,offensive_general,o,3006177
6183,Ø®Ø±ÙØª,offensive_general,o,3006183
6187,Ù…Ø´Ù†Ú¯ Ø¨ÛŒâ€ŒØ±Ú¯ Ùˆ Ø±ÛŒØ´Ù‡ ,offensive_general,o o o o,3006187
6193,Ú†Ù‡ Ú¯Ù‡ÛŒ Ù…ÛŒØ®ÙˆØ±ÛŒ,offensive_general,o o o,3006193
6201,ØªÙˆÙ‡Ù… Ø²Ø¯ÛŒ Ø´Ø¯ÛŒØ¯ Ú©Ø³ Ù…ØºØ²,offensive_general,o o o o o,3006201
6219,ÙˆØ§Ù‚Ø¹Ø§ Ø±ÛŒØ¯ÛŒ,offensive_general,o o,3006219
6226,Ú©ÛŒØ±Ù… ØªÙˆ Ù†Ø§Ù…ÙˆØ³Øª,offensive_general,o o o,3006226
6227,Ú©ÙˆÙ† Ø¯Ø§Ø¯ÛŒ,offensive_general,o o,3006227
6237,Ù¾Ù„Ø´Øª,offensive_general,o,3006237
6324,Ú¯ÙˆØ²Ùˆ Ø®Ø§Ù†,offensive_general,o o,3006324
6405,Ø¹Ù‚Ø¨ Ù…ÙˆÙ†Ø¯Ù‡ Ø°Ù‡Ù†ÛŒ,offensive_general,o o o,3006405
6435,Ø§Ø­Ù…Ù‚ Ù‡Ø³ØªÛŒ,offensive_general,o o,3006435
6555,Ú©Ø³Ø®Ù„ Ù…Ø§Ù„ÛŒØ§ØªÛŒ,offensive_general,o o,3006555
6612,Ø¬Ù‚ÛŒ Ù‡Ø³ØªÛŒ,offensive_general,o o,3006612
6614,Ú©ÛŒØ± ØªÙˆØª,offensive_general,o o,3006614
6667,Ú†Ø´Ù…Øª Ú©ÙˆØ± Ø¯Ù†Ø¯Øª Ù†Ø±Ù…,offensive_general,o o o o,3006667
6784,Ù…Ù…Ù‡ Ù…ÛŒØ¨ÛŒÙ†Ù… ØªÙˆ Ø§ÙˆØ§ØªØ§Ø±!!!,offensive_general,o o o o,3006784
6804,Ø§Ù„Ø§Øº Ù†Ø§Ø¯Ø§Ù†,offensive_general,o o,3006804
6812,Ú©ÙˆÙ† ,offensive_general,o,3006812
6813,Ø§Ø´ØºØ§Ù„,offensive_general,o,3006813
6814,Ø®Ø± ,offensive_general,o,3006814
6817,Ú©ÛŒØ±ÛŒ,offensive_general,o,3006817
6822,Ú©ØµÚ©Ø´,offensive_general,o,3006822
6824,Ú©ÙˆÙ†,offensive_general,o,3006824
6826,Ú¯ÙˆÙ‡ ,offensive_general,o,3006826
6827,Ø¯ÛŒÙˆØ³,offensive_general,o,3006827
6828,Ú©ÛŒØ±,offensive_general,o,3006828
6831,Ú©ÛŒØ±Ù…,offensive_general,o,3006831
6832,Ø¬Ù†Ø¯Ù‡,offensive_general,o,3006832
6833,Ú©ÛŒØ±ÛŒ,offensive_general,o,3006833
6834,Ø¯ÙŠÙˆØ«,offensive_general,o,3006834
6836,Ú©ÙˆÙ† Ú©Ø´,offensive_general,o o,3006836
6838,Ø±ÛŒØ¯Ù…,offensive_general,o,3006838
6841,Ú©ÛŒØ± ØªÙˆ Ø¯Ù‡Ù†Øª,offensive_general,o o o,3006841
6843,Ø¢Ø´ØºØ§Ù„,offensive_general,o,3006843
6844,Ø±ÛŒØ¯Ù…,offensive_general,o,3006844
6845,Ø¨ÛŒÙ†Ø§Ù…ÙˆØ³,offensive_general,o,3006845
6846,ÙˆØ·Ù† ÙØ±ÙˆØ´,offensive_general,o o,3006846
6847,Ù…Ø§Ø¯Ø± Ø¬Ù†Ø¯Ù‡,offensive_general,o o,3006847
6848,Ø±ÛŒØ¯Ù…,offensive_general,o,3006848
6849,Ø±ÛŒØ¯Ù… ØªÙˆ Ø±ÙˆØ­Øª,offensive_general,o o o,3006849
6850,Ú¯Ù‡,offensive_general,o,3006850
6851,Ú¯ÙˆØ²Ùˆ,offensive_general,o,3006851
6852,Ø§Ø­Ù…Ù‚,offensive_general,o,3006852
6853,Ø¬Ø§Ú©Ø´,offensive_general,o,3006853
6854,Ú¯Ø§ÛŒÛŒØ¯ÛŒ,offensive_general,o,3006854
6855,Ú©ÛŒØ±,offensive_general,o,3006855
6858, Ø§Ø­Ù…Ù‚,offensive_general,o,3006858
6859,Ú©Ø³ Ú©Ø´,offensive_general,o o,3006859
6860,Ø¯Ø²Ø¯,offensive_general,o,3006860
6861,Ú©ÙˆÙ†,offensive_general,o,3006861
6862,Ø¹Ù†,offensive_general,o,3006862
6863,Ø®Ø§Ú© ØªÙˆ Ø³Ø±,offensive_general,o o o,3006863
6864,Ú©ÛŒØ±,offensive_general,o,3006864
6865,Ø­Ø±ÙˆÙ… Ø²Ø§Ø¯Ù‡,offensive_general,o o,3006865
6866,Ø±ÛŒØ¯Ù…,offensive_general,o,3006866
6867,Ø¨Ø¯Ø¨Ø®Øª,offensive_general,o,3006867
6868,Ú©ÛŒØ±ÛŒ,offensive_general,o,3006868
6871,Ú¯ÙˆÙ‡,offensive_general,o,3006871
6873,Ø¯ÛŒÙˆØ³,offensive_general,o,3006873
6874,Ø³Ú¯,offensive_general,o,3006874
6875,Ø­Ø±ÙˆÙ…Ø²Ø§Ø¯Ù‡,offensive_general,o,3006875
6876,Ø¹Ù†ØªØ±,offensive_general,o,3006876
6877,Ú©ÙˆÙ† Ù†Ø´ÙˆØ±,offensive_general,o o,3006877
6878,Ø¬Ù†Ø¯Ù‡,offensive_general,o,3006878
6879,Ø²Ù† Ø¬Ù†Ø¯Ù‡,offensive_general,o o,3006879
6880,Ù¾Ø´Ù…Ø§Ù…,offensive_general,o,3006880
6881,Ú¯Ù…Ø´Ùˆ,offensive_general,o,3006881
6882,Ø¹ÙˆØ¶ÛŒ,offensive_general,o,3006882
6883,Ø¨ÛŒ Ù†Ø§Ù…ÙˆØ³,offensive_general,o o,3006883
6884,Ú©ÛŒØ±ÛŒ,offensive_general,o,3006884
6885,Ø§Ø­Ù…Ù‚,offensive_general,o,3006885
6887,Ø±ÛŒØ¯ÛŒ Ø¨Ø§Ø¨Ø§,offensive_general,o o,3006887
6888,Ø±ÛŒØ¯ÛŒ,offensive_general,o,3006888
6889,Ø¬Ù†Ø¯Ù‡,offensive_general,o,3006889
6891,Ø¹Ù†,offensive_general,o,3006891
6892,Ø¯ÛŒÙˆØ³,offensive_general,o,3006892
6893,Ú©ÙˆÙ†,offensive_general,o,3006893
6895,ÙØ§Ú©,offensive_general,o,3006895
6896,Ú©ÛŒØ±,offensive_general,o,3006896
6897,Ø´Ø§Ø´,offensive_general,o,3006897
6899,Ú©ÛŒØ±,offensive_general,o,3006899
6900,Ú©ÙˆÙ†,offensive_general,o,3006900
6901,Ø¬Ø§Ú©Ø´,offensive_general,o,3006901
6906,Ú©ÛŒØ±ÛŒ,offensive_general,o,3006906
6907,Ú¯ÙˆØ²,offensive_general,o,3006907
6909,Ø¹Ù† ,offensive_general,o,3006909
6910,Ú©ÛŒØ±,offensive_general,o,3006910
6912,Ú©ÛŒØ±,offensive_general,o,3006912
6914,Ø¹Ù†,offensive_general,o,3006914
6915,Ø±ÛŒØ¯ÛŒ,offensive_general,o,3006915
6916,Ú©ÛŒØ±ÛŒ,offensive_general,o,3006916
6917,Ù¾Ø´Ù…Ø§Ù…,offensive_general,o,3006917
6918,Ú©ÛŒØ±Ù…,offensive_general,o,3006918
6919,Ú©ÛŒØ±Ù…,offensive_general,o,3006919
6920,Ø­Ø±ÙˆÙ…Ø²Ø§Ø¯Ù‡,offensive_general,o,3006920
6923,Ø¬Ù†Ø¯Ù‡,offensive_general,o,3006923
6924,Ú©ÛŒØ±ÛŒ,offensive_general,o,3006924
6925,Ù…Ø³Ø®Ø±Ù‡ Ú©Ø±Ø¯ÛŒ Ù…Ø§Ø±Ùˆ,offensive_general,o o o,3006925
6927,Ú¯Ø¯Ø§ ØºÙˆØ±Ù‡,offensive_general,o o,3006927
6928,Ø±ÙŠØ¯Ù…,offensive_general,o,3006928
6929,Ú©Ø³Ú©Ø´,offensive_general,o,3006929
6930,Ø¯Ø±ÙˆØº Ú¯Ùˆ,offensive_general,o o,3006930
6931,Ø§Ù„Ø§Øº,offensive_general,o,3006931
6933,Ø¬Ù†Ø¯Ù‡,offensive_general,o,3006933
6934,Ø¬Ù†Ø¯Ù‡,offensive_general,o,3006934
6941,Ú©ÙˆÙ† ,offensive_general,o,3006941
6992,Ù„Ø§Ø´ÛŒ ØµÙØª,offensive_general,o o,3006992
7063,Ú©Ø³ Ù†Ù†Øª ,offensive_general,o o,3007063
7160,Ø§Ø´ØºØ§Ù„ Ø¹ÙˆØ¶ÛŒ,offensive_general,o o,3007160
7198,Ø§Ù„Ø¯Ù†Ú¯ Ø¯Ø±Ø§Ø²,offensive_general,o o,3007198
7206,Ø³ÛŒÚ©ØªÛŒØ± Ú©Ù†,offensive_general,o o,3007206
